first_parametr, second_parametr, one,two,three,four
0.0354094073288266,1.03313305812651,0,1,0,0
-0.130165259140827,1.32815566641009,0,1,0,0
0.166464885713662,0.687319418141811,0,1,0,0
1.32232406157669,-0.147230863233694,0,0,1,0
0.0642954287635512,-0.0249978397559553,1,0,0,0
1.00538733293458,1.32026024263750,0,0,0,1
0.219474972850308,0.197151153364540,1,0,0,0
1.06137460956518,-0.128732791391593,0,0,1,0
0.128736674625684,0.972559836499079,0,1,0,0
0.843109860508530,1.18835049093829,0,0,0,1
-0.220209718708240,-0.282659245766189,1,0,0,0
0.805953625604796,0.734333968823021,0,0,0,1
0.137868183774571,-0.142449082930885,1,0,0,0
0.849810416339004,0.895931725061487,0,0,0,1
1.05242514896455,0.797051399000011,0,0,0,1
0.0958484969512169,0.924958920594159,0,1,0,0
1.05054108193810,1.04169468584427,0,0,0,1
0.0849430855702768,0.956506792452920,0,1,0,0
-0.226151241126091,0.857489136071030,0,1,0,0
0.00280031448181771,-0.0211101081628314,1,0,0,0
0.948758343523597,0.947330833326861,0,0,0,1
-0.196705426771566,0.664156069551271,0,1,0,0
-0.131984187100252,0.0568668436208238,1,0,0,0
0.00332014808440439,7.20048840777765e-05,1,0,0,0
0.166406384761425,-0.0404372701796648,1,0,0,0
-0.166116841042440,1.06675748479187,0,1,0,0
1.15398742989055,1.07042179962161,0,0,0,1
1.18626802315911,0.894034594731727,0,0,0,1
1.00421079827102,-0.00151528961190862,0,0,1,0
-0.138304202709346,-0.0179252880730747,1,0,0,0
1.10996724088959,1.01699706695844,0,0,0,1
-0.253752737832928,1.07543151589136,0,1,0,0
1.22156451063582,-0.188881874841635,0,0,1,0
-0.388858743007947,1.02278151169199,0,1,0,0
1.06560499262847,0.135716522488488,0,0,1,0
0.957080204461417,-0.0916017298421669,0,0,1,0
-0.278731202973153,-0.187699946387909,1,0,0,0
0.884612678174944,0.294786084781405,0,0,1,0
1.39934761168348,0.0164313961597542,0,0,1,0
-0.106575823070162,0.897572635635505,0,1,0,0
-0.214271510722475,0.994635240297226,0,1,0,0
-0.128244824356517,0.735235219018520,0,1,0,0
0.290292577120132,0.253842145241190,1,0,0,0
0.104828306517700,1.17475201561303,0,1,0,0
0.819149844083264,1.10781927354836,0,0,0,1
1.04174477190424,0.259184364044683,0,0,1,0
-0.0560421094197010,1.21947459077684,0,1,0,0
-0.278211064484630,1.07460718521878,0,1,0,0
1.03888336697284,0.907353226377057,0,0,0,1
0.958573188093411,0.962508881825461,0,0,0,1
0.0266909024767919,-0.174017114760792,1,0,0,0
0.224683369484485,0.285202369472176,1,0,0,0
0.889987711931298,-0.0986816581311562,0,0,1,0
-0.183314040938234,1.13103135428351,0,1,0,0
-0.235661489173314,0.889687279293924,0,1,0,0
1.08476140698338,0.0486665075680151,0,0,1,0
-0.269116941614372,1.04672864221224,0,1,0,0
0.754458021871905,1.31087185801161,0,0,0,1
1.24181089921043,0.938282865775422,0,0,0,1
0.0554285031810744,0.807023176865136,0,1,0,0
0.966742897459531,1.24784274593866,0,0,0,1
0.758983823031824,0.912649418354319,0,0,0,1
0.932284158581614,0.166432862676789,0,0,1,0
1.07312151832053,0.862583320593175,0,0,0,1
0.843649467078856,0.965445710549994,0,0,0,1
0.742705641488435,0.156243004345101,0,0,1,0
0.00457292118684820,1.25930428973524,0,1,0,0
0.208250628715185,0.746103800824644,0,1,0,0
1.04081557061774,0.0112604470349521,0,0,1,0
0.963464399087580,0.174002994257771,0,0,1,0
0.911125490610932,0.788200707034247,0,0,0,1
-0.165474870485460,-0.0251102633645181,1,0,0,0
-0.278561880543677,-0.163852666626719,1,0,0,0
-0.160739892760386,0.0619604529753939,1,0,0,0
1.17584039511551,-0.0305158714519857,0,0,1,0
1.22859636769795,-0.128564155637134,0,0,1,0
-0.0659922225960220,0.714960566318756,0,1,0,0
1.01304402022358,1.09105819385535,0,0,0,1
1.07125944443517,0.0692786068361448,0,0,1,0
0.198728927465600,1.31517307694312,0,1,0,0
-0.0288527821509669,-0.160107380588278,1,0,0,0
1.28351972388327,1.13228262709613,0,0,0,1
-0.212264788506782,0.793633945074380,0,1,0,0
1.30672749350313,-0.0933470630997022,0,0,1,0
1.32630644456672,0.00302236555823911,0,0,1,0
1.20075568995400,1.10332882299930,0,0,0,1
0.0603886986124855,-0.192489554858538,1,0,0,0
0.210439076044857,0.956476560612938,0,1,0,0
-0.122227098545069,0.121978327533215,1,0,0,0
-0.00611134813154168,0.0392374214755404,1,0,0,0
0.730301688600856,-0.0691237967502345,0,0,1,0
-0.0496757743799665,0.0542844491620218,1,0,0,0
0.897452412259183,1.27463184917137,0,0,0,1
1.26500218606440,0.982399228345674,0,0,0,1
-0.149737236639063,0.724453722799711,0,1,0,0
-0.0745049698952361,-0.277518023044865,1,0,0,0
0.204965652694567,1.31922002185857,0,1,0,0
1.01918387427321,0.676660461241546,0,0,0,1
0.161287710559065,0.654972389886488,0,1,0,0
0.285136432108158,-0.260668768548615,1,0,0,0
-0.186705420591630,0.0416498702230796,1,0,0,0
0.296127217498288,-0.0657329828294031,1,0,0,0
1.21564618185100,-0.239373994823145,0,0,1,0
0.838315268280787,-0.207172615345341,0,0,1,0
-0.0914114700134451,0.668837446644001,0,1,0,0
-0.0758983703150079,0.832638178458169,0,1,0,0
1.27445894177724,0.943148224890229,0,0,0,1
0.766764491486331,1.14247947476385,0,0,0,1
0.629477835742525,1.11843037516102,0,0,0,1
0.789079291116320,0.0345284449434169,0,0,1,0
1.20684304965614,0.869833914312683,0,0,0,1
1.06662048136612,-0.121455715520491,0,0,1,0
-0.162248763580447,-0.0630792858135024,1,0,0,0
1.04420867764625,0.791236611930042,0,0,0,1
1.16982779314288,0.793550796710683,0,0,0,1
1.00062662486625,1.01048067189891,0,0,0,1
1.24438642043689,-0.0118369121005981,0,0,1,0
0.681188169961356,1.19487159864797,0,0,0,1
1.22450738315380,0.0698199277475255,0,0,1,0
1.08414317758772,1.20338933559287,0,0,0,1
-0.151584122869879,0.764459830424622,0,1,0,0
0.325674837953043,0.190691501582433,1,0,0,0
-0.00489626776455954,1.02914044539252,0,1,0,0
-0.256182845124862,1.13153598099921,0,1,0,0
0.931783999258073,1.36808645079474,0,0,0,1
-0.172368230160665,-0.124864462566690,1,0,0,0
0.0682007369211514,-0.174209097763126,1,0,0,0
1.26121292687125,-0.222319039379643,0,0,1,0
-0.165552363526155,0.700948473541394,0,1,0,0
1.15132940506140,1.15751828125721,0,0,0,1
0.861404392754188,-0.0689475324176182,0,0,1,0
0.0336629644926648,0.125217286659745,1,0,0,0
0.954297625659169,0.869641895466186,0,0,0,1
-0.0462380971085788,0.939055184393822,0,1,0,0
1.28522432094470,-0.165903651860965,0,0,1,0
1.02657866538989,0.740801398264560,0,0,0,1
-0.161494943793386,0.758290625387392,0,1,0,0
0.954020684108428,-0.311092565034187,0,0,1,0
-0.0684403115025863,-0.00902245236039134,1,0,0,0
1.22870420512849,0.107732161216900,0,0,1,0
0.00260282086642921,-0.0353141472123049,1,0,0,0
1.02607592504995,0.0475536549423209,0,0,1,0
1.09910423818227,1.12354289343392,0,0,0,1
0.989093923624649,0.963074035111790,0,0,0,1
-0.121001860269323,0.371992528611655,1,0,0,0
1.03401874805739,0.994079017709065,0,0,0,1
0.121393010011619,0.663305867334092,0,1,0,0
0.195824481087233,-0.339429539695259,1,0,0,0
0.978847760961583,0.994075233204146,0,0,0,1
1.10775208256114,1.16542299008342,0,0,0,1
1.12794717941126,0.925546359287066,0,0,0,1
-0.0663746857398321,1.02289212142964,0,1,0,0
1.05201929163379,-0.0639382964879570,0,0,1,0
0.0237866946721519,1.09968509857147,0,1,0,0
0.989361424313743,0.154789870421937,0,0,1,0
0.811935674140168,0.821502107996709,0,0,0,1
0.955483470894199,0.0309087335037563,0,0,1,0
0.860236223166882,0.0748490246889295,0,0,1,0
1.05615651771005,0.0829711285143087,0,0,1,0
-0.132634305913876,-0.282402739644226,1,0,0,0
1.29841952561380,1.03075408388954,0,0,0,1
0.780799438927135,0.262699965348958,0,0,1,0
-0.117082254945223,-0.0990938379940103,1,0,0,0
0.930724822013911,-0.0319408409372659,0,0,1,0
0.0881660926340897,-0.373733259237704,1,0,0,0
-0.333048129584439,1.16876557923240,0,1,0,0
0.173816209381518,-0.228872111774929,1,0,0,0
1.23960424068593,-0.158250026580668,0,0,1,0
0.837846376411203,-0.0900406221243536,0,0,1,0
0.937329036935496,1.38447808387254,0,0,0,1
-0.0568220559383617,0.149669855127068,1,0,0,0
0.148772072431723,0.974807469507580,0,1,0,0
0.908949672368449,0.324813750317478,0,0,1,0
1.11716902500270,0.956904750167093,0,0,0,1
1.28007011576445,1.01274491813372,0,0,0,1
0.887824459332247,-0.329630505524784,0,0,1,0
0.944490347948954,0.316090304946952,0,0,1,0
-0.126668271896742,-0.232237037754472,1,0,0,0
1.19107396689866,-0.168026616030170,0,0,1,0
1.00059487269867,1.08112652478425,0,0,0,1
1.11646300257918,0.0210008460024530,0,0,1,0
0.0684785786775563,0.0422997768276784,1,0,0,0
-0.233769489513991,0.00358243366464547,1,0,0,0
0.333575647173014,0.884008516575521,0,1,0,0
0.356089397605332,1.02103989685183,0,1,0,0
0.989305524406564,0.991788850992695,0,0,0,1
1.11868113646041,0.156403261413999,0,0,1,0
0.722292404849037,0.796861752163642,0,0,0,1
1.14707186126415,0.883354830399336,0,0,0,1
0.0182879536976516,-0.0280196565003148,1,0,0,0
0.254016840140632,0.0112668558766561,1,0,0,0
1.03420166092599,0.00413772047389560,0,0,1,0
-0.225818674641875,0.0493033845654017,1,0,0,0
-0.127962231913226,1.01665731944569,0,1,0,0
0.0197029628462939,0.957191021745995,0,1,0,0
0.0214796964092409,-0.113580211756319,1,0,0,0
-0.222705305895399,-0.308314949648652,1,0,0,0
1.27880992630643,0.118461709856113,0,0,1,0
0.0987278112867527,-0.310083983408293,1,0,0,0
0.997133834630465,0.816921628076546,0,0,0,1
0.135440047516046,0.121726994947109,1,0,0,0
0.309605632071569,0.165012047974473,1,0,0,0
1.02401349221996,-0.254832037041664,0,0,1,0
-0.0501696202105990,-0.0231308529179339,1,0,0,0
0.192355370771634,0.100188458728560,1,0,0,0
1.18380343693846,1.11423384504573,0,0,0,1
0.309058647408908,1.02742306574844,0,1,0,0
0.938292194578831,-0.0629557329228404,0,0,1,0
1.03806524620152,0.928902500417834,0,0,0,1
1.18592069064787,0.195290809247780,0,0,1,0
1.13314136279878,0.804654971780699,0,0,0,1
0.0605362712110544,0.765683308610632,0,1,0,0
-0.0149853866293347,-0.269400934574027,1,0,0,0
0.222944367955121,1.12289143002765,0,1,0,0
1.12710502108597,1.36003358738741,0,0,0,1
-0.0418696617888664,0.182691130724975,1,0,0,0
1.00832846044983,0.0185516575638470,0,0,1,0
1.36423121458378,-0.146198241725777,0,0,1,0
0.957015233289296,0.995003143776712,0,0,0,1
0.770295264953455,1.01556676983374,0,0,0,1
1.23785778747356,1.20654992838381,0,0,0,1
-0.0862752358068447,0.654947805914007,0,1,0,0
0.225336965261350,0.0927559321661009,1,0,0,0
1.02753248125856,0.222540443095135,0,0,1,0
0.749018808521916,0.120330807848533,0,0,1,0
-0.0662677391537070,1.20916104002546,0,1,0,0
0.931446760976658,1.09849405594869,0,0,0,1
0.779935349012622,0.263534469433662,0,0,1,0
0.705165368693859,0.233293479528053,0,0,1,0
1.19794748592874,0.249124776033782,0,0,1,0
-0.100776437117589,1.20220998476611,0,1,0,0
1.02117895306878,0.136927407903609,0,0,1,0
-0.0565764991061896,1.08240139732598,0,1,0,0
0.315505840570902,1.12702311134638,0,1,0,0
0.828676279180085,0.787113178639136,0,0,0,1
1.27957603387890,0.0146081331250394,0,0,1,0
0.168091263874370,0.230198381386469,1,0,0,0
1.24003052799880,1.07073299511385,0,0,0,1
1.07244928779973,1.12388818046317,0,0,0,1
0.280577687437220,0.143386791101495,1,0,0,0
0.927314138637686,0.690749024247933,0,0,0,1
1.02037143329726,1.01223790332789,0,0,0,1
1.07007839734167,0.814702763108445,0,0,0,1
0.711186034948171,1.12489177241922,0,0,0,1
0.0447167704761604,1.01255300964838,0,1,0,0
0.154381979813158,0.116336688727983,1,0,0,0
0.156556643703891,0.157449287877841,1,0,0,0
0.812020411361344,1.19296648985487,0,0,0,1
-0.187586622186989,-0.253615082696573,1,0,0,0
0.942610223943326,-0.0248384241686493,0,0,1,0
-0.0778608774305153,-0.345208092093178,1,0,0,0
1.28388882098276,-0.155747630776039,0,0,1,0
-0.0271186102465852,0.880521200399642,0,1,0,0
1.15997236260915,-0.0306071551544044,0,0,1,0
0.881158135439431,0.951796196626956,0,0,0,1
1.03778356341235,0.942255117454848,0,0,0,1
0.747015091306990,-0.0803997345553191,0,0,1,0
-0.0504586614546381,0.0314632824465981,1,0,0,0
0.164033025525467,0.783162115888419,0,1,0,0
-0.0783962414046544,0.0675431940802607,1,0,0,0
1.32594907439153,0.796308642497419,0,0,0,1
1.00142911656662,-0.0233118847877677,0,0,1,0
-0.180782151350554,1.03384984918946,0,1,0,0
0.890885677209481,-0.0937576243824921,0,0,1,0
-0.252581118829415,-0.237277585438355,1,0,0,0
0.0105670258645645,0.964641092130221,0,1,0,0
0.664290985355963,0.169797216387303,0,0,1,0
1.30383215576092,1.05121821243210,0,0,0,1
0.897297739509858,0.0653732601639303,0,0,1,0
0.135700744861520,1.19910797251249,0,1,0,0
-0.0198745997863555,0.893621131241640,0,1,0,0
0.0886725895648848,0.914524662198442,0,1,0,0
1.08096205198301,0.775878872749295,0,0,0,1
1.12208890511445,0.0657998821365651,0,0,1,0
0.951756884132393,-0.0550801364759578,0,0,1,0
0.268030032062964,0.805339791157180,0,1,0,0
0.883129292454437,0.758964398190002,0,0,0,1
1.06136199344074,0.995336488427949,0,0,0,1
0.319153478648720,0.833517035176002,0,1,0,0
-0.0735740120397006,0.989459698999827,0,1,0,0
-0.240203349156998,0.886243048003317,0,1,0,0
0.318036721912844,1.19856062095846,0,1,0,0
1.04862569278553,0.806074319758626,0,0,0,1
-0.0560984097987770,0.969049176040905,0,1,0,0
0.204385524576094,0.122937713122965,1,0,0,0
-0.0737936197232465,0.984014819762311,0,1,0,0
0.0285182701442008,0.0486746561949934,1,0,0,0
0.985128266923055,-0.0290348006139981,0,0,1,0
-0.00614239693146792,0.992139107333534,0,1,0,0
1.37994111096577,-0.0944917558793624,0,0,1,0
0.806951290257660,-0.0419156751641694,0,0,1,0
0.0912658586177125,1.01896909216191,0,1,0,0
-0.155755673310790,0.696253148367604,0,1,0,0
-0.00635631832662248,0.975432153956624,0,1,0,0
0.0403063481009504,-0.142358782652424,1,0,0,0
-0.146419983249787,-0.287110186597761,1,0,0,0
0.779217975154237,0.998268668708307,0,0,0,1
0.297285743451306,0.850941909914831,0,1,0,0
-0.0757167963019676,0.0683554216925393,1,0,0,0
0.880956258138737,1.30749601572528,0,0,0,1
-0.221225239263393,1.28467558122186,0,1,0,0
0.0724959312342035,0.194732370999605,1,0,0,0
-0.0622272996774625,-0.333499191005461,1,0,0,0
0.677430195869032,-0.147666827176920,0,0,1,0
1.08727495795466,0.0179011758242385,0,0,1,0
0.858843467567783,0.263398558460490,0,0,1,0
1.04505009341058,-0.112973815020506,0,0,1,0
1.03616715704682,0.972903725433062,0,0,0,1
0.825247343340624,1.26444907703794,0,0,0,1
1.19929507026170,0.912242500211254,0,0,0,1
0.147825401350826,0.660557406954727,0,1,0,0
0.150897146021050,0.672404197268674,0,1,0,0
1.01829175696373,0.987725176108254,0,0,0,1
0.103618941729114,1.30094501311421,0,1,0,0
1.26314724206458,0.926095611105931,0,0,0,1
1.36447896247884,-0.138602307060128,0,0,1,0
-0.157547886876999,1.10403524912727,0,1,0,0
-0.0666394494932999,-0.000662860600050324,1,0,0,0
0.914160917502900,1.04755747640174,0,0,0,1
0.890099864378833,1.14973670124953,0,0,0,1
-0.256901971314615,1.12352174469036,0,1,0,0
1.04248571243579,-0.0154134105546253,0,0,1,0
1.23186114771801,1.19967206111364,0,0,0,1
1.15879163252755,1.30225461138833,0,0,0,1
-0.307783011937787,0.132813161439853,1,0,0,0
-0.0330370964313282,0.961124303466376,0,1,0,0
-0.0209642447765156,0.0204469400447355,1,0,0,0
-0.114949141739692,-0.254041904309370,1,0,0,0
-0.165734958433406,1.06381378423598,0,1,0,0
0.261228263840287,0.273639340676365,1,0,0,0
1.00228332204950,-0.00890014930585852,0,0,1,0
-0.0753847888262546,0.913142678842157,0,1,0,0
1.07909858637258,0.277372176082846,0,0,1,0
0.650645382557027,0.849133172303645,0,0,0,1
0.153945479980742,0.109898156427475,1,0,0,0
-0.177124976348114,1.11591393262332,0,1,0,0
-0.275227846249393,0.236999958378743,1,0,0,0
-0.0535040720217138,1.07172392481393,0,1,0,0
1.00205673486745,0.0284987078843797,0,0,1,0
0.755855539190621,0.0767698674974714,0,0,1,0
0.957870234458355,0.0336919883415744,0,0,1,0
1.27369778911579,0.235017725331211,0,0,1,0
1.03866059681570,0.0786114288332340,0,0,1,0
0.187439967683592,-0.0175419266669626,1,0,0,0
0.660558326323739,0.996026064008418,0,0,0,1
0.141698678308876,-0.0860375339668202,1,0,0,0
0.991382598282560,-0.00900374487601253,0,0,1,0
0.0389752527324203,-0.352444296187080,1,0,0,0
0.996443206075775,1.36397377481857,0,0,0,1
1.21163333093080,0.0389176515917024,0,0,1,0
0.0469681203397319,0.0865799624860124,1,0,0,0
-0.283525778973196,1.04889849586511,0,1,0,0
0.873013238554930,1.26974214139370,0,0,0,1
0.984548523859561,-0.0440622908191009,0,0,1,0
1.14114459623827,0.908263136307853,0,0,0,1
0.936535529075823,1.25444710919891,0,0,0,1
0.158943135244273,-0.00789053574807368,1,0,0,0
1.19534153280795,0.268810257997890,0,0,1,0
-0.0193882390932495,1.01197965232144,0,1,0,0
1.01498544269766,1.15644795369578,0,0,0,1
0.0246791715876695,0.956553601163677,0,1,0,0
-0.146487341497592,0.172171448079493,1,0,0,0
0.167524070680892,1.14899740973109,0,1,0,0
0.766820685751144,0.683450045191255,0,0,0,1
1.15487150867695,0.0341361089225123,0,0,1,0
1.29482596966590,-0.00907570243894024,0,0,1,0
1.07498043263691,1.00277979560010,0,0,0,1
1.14390697808602,0.935009608677495,0,0,0,1
0.607403107562520,0.987890961110026,0,0,0,1
0.860125131716121,1.31302708742536,0,0,0,1
0.238466004001767,1.01084124157149,0,1,0,0
0.665458024531172,-0.120863491660527,0,0,1,0
1.31481547725954,-0.0627457019140559,0,0,1,0
0.0170715617392462,0.0657377982177168,1,0,0,0
1.20897342055892,1.30377203075124,0,0,0,1
-0.383617240178758,0.0137089451348684,1,0,0,0
1.20278310393703,0.302700865515187,0,0,1,0
0.954853181425870,1.05295727928716,0,0,0,1
-0.00890243950239663,0.998636578763817,0,1,0,0
0.968864117331384,-0.0410056980632749,0,0,1,0
1.02305736321963,0.965300264427987,0,0,0,1
-0.0607352811672077,1.31155308955839,0,1,0,0
1.00911129651029,1.10019759535469,0,0,0,1
0.930042363034209,1.10925220291600,0,0,0,1
0.938724632467053,0.345817122510903,0,0,1,0
0.149006175950925,0.863316017405633,0,1,0,0
0.911731773233799,1.05815457389387,0,0,0,1
-0.123937100751603,1.11053667357158,0,1,0,0
-0.0855521516967026,0.233400692912214,1,0,0,0
0.901212472198770,0.828042488565025,0,0,0,1
0.305926788364840,0.162609071465583,1,0,0,0
0.873111615595485,-0.234515432443823,0,0,1,0
-0.236553198783266,0.954341372832647,0,1,0,0
0.881246712574802,-0.0194257170825715,0,0,1,0
-0.0626128998460762,0.933386540406699,0,1,0,0
1.23202915223273,0.708131583682817,0,0,0,1
1.00343301673852,0.959064953076642,0,0,0,1
-0.0657252569687077,0.0556505501455364,1,0,0,0
0.826821299448119,0.803694052235150,0,0,0,1
-0.157335589823358,-0.160437649877448,1,0,0,0
0.0996717758369106,-0.295030034145976,1,0,0,0
1.01314151278356,1.18934451251563,0,0,0,1
0.951207389994888,1.28223700312016,0,0,0,1
1.19515615605027,-0.196987566840063,0,0,1,0
-0.159148439859277,-0.0691805033394491,1,0,0,0
0.922453999057536,0.166383195473161,0,0,1,0
-0.158680325963984,0.856354691014333,0,1,0,0
1.18638652668999,0.859098896545834,0,0,0,1
1.14938707565252,0.224211062412609,0,0,1,0
0.358384658647865,1.06651776588391,0,1,0,0
1.10080542378060,0.974377130957525,0,0,0,1
0.847887693144931,0.975112681074227,0,0,0,1
0.990569948414577,0.307631007406370,0,0,1,0
0.781784216608813,0.818321501268928,0,0,0,1
-0.321914366228357,0.00261609458776150,1,0,0,0
0.769395217982747,1.27096073472927,0,0,0,1
0.778827989591077,0.775097752422371,0,0,0,1
1.10245405787103,0.0851116999582272,0,0,1,0
-0.160472704924665,1.23760736729327,0,1,0,0
0.0459802546667356,-0.00121958314729872,1,0,0,0
0.0717466229172353,0.833463721107299,0,1,0,0
0.851264760811300,0.740588025191089,0,0,0,1
0.843160471268027,1.12577969348775,0,0,0,1
0.905179104978827,0.154085300511892,0,0,1,0
0.228000536760350,0.121817604842910,1,0,0,0
0.947471465746744,-0.389840038768807,0,0,1,0
0.0508724191190097,0.0304075521974062,1,0,0,0
-0.186591219533580,-0.199476745200608,1,0,0,0
1.32093956512311,1.03842800183662,0,0,0,1
1.28345614675678,0.885575987440486,0,0,0,1
0.982065756286652,0.994561949361680,0,0,0,1
0.0997503306429193,0.958447352972824,0,1,0,0
0.0748800776746500,1.31833416122686,0,1,0,0
0.840629846709563,0.703546980294841,0,0,0,1
0.970798598344817,0.107507059954230,0,0,1,0
-0.0537286486389577,1.05173740608466,0,1,0,0
0.0434759939389079,0.996269921379374,0,1,0,0
1.22859933875154,0.196266462934749,0,0,1,0
1.31921651510805,1.05750648555276,0,0,0,1
1.16800232705337,0.965900442612708,0,0,0,1
1.12989314682682,0.918174441908059,0,0,0,1
0.0382271373815279,-0.0555679787580125,1,0,0,0
-0.0291051212136203,0.0727977331552485,1,0,0,0
0.695574265924234,1.02243630557295,0,0,0,1
1.00712337627829,-0.0304456802771006,0,0,1,0
1.04118931692442,-0.0400963884705863,0,0,1,0
0.0282696730514811,0.0579169537765680,1,0,0,0
1.07184997610313,0.363613353471344,0,0,1,0
0.948869681784973,-0.0673939673893470,0,0,1,0
0.102849934926041,0.694445049732815,0,1,0,0
0.0793885557089891,0.809698606193889,0,1,0,0
-0.0721835688097897,0.125681464208041,1,0,0,0
0.973051402221418,1.32687599295965,0,0,0,1
0.964326813672212,1.36991699592701,0,0,0,1
0.975987941839612,-0.285314606861468,0,0,1,0
0.727476398256120,0.747783095769687,0,0,0,1
0.975702711728951,-0.0105475927334733,0,0,1,0
1.00080821328715,0.0356092936600788,0,0,1,0
1.07315192959125,-0.359719841620995,0,0,1,0
-0.311336623456091,0.978873729593799,0,1,0,0
0.753779721171816,-0.178118458376895,0,0,1,0
-0.279661783990118,0.200478577384991,1,0,0,0
0.228159900083956,0.0815793469166821,1,0,0,0
1.16486717683643,1.09223476453788,0,0,0,1
-0.328612380461464,0.895398884681817,0,1,0,0
0.814956450503165,0.179731217516204,0,0,1,0
-0.272587161896025,-0.257434313751208,1,0,0,0
0.123618701354771,0.221005110545396,1,0,0,0
0.838054728336129,1.27585216278125,0,0,0,1
1.01170169762122,1.00246341122237,0,0,0,1
1.28829055683770,1.15936379382354,0,0,0,1
0.877594317753242,1.29285874442185,0,0,0,1
1.09210648254708,0.0580460199241556,0,0,1,0
0.281449782963773,0.108194701501862,1,0,0,0
0.149903107426050,1.12712333420704,0,1,0,0
0.00406740767380813,1.07028023911378,0,1,0,0
1.17221735263332,0.808086543710702,0,0,0,1
-0.331260979396423,-0.0803223889596442,1,0,0,0
0.813662553734394,0.351389852750465,0,0,1,0
-0.00995359605957681,0.895517974448104,0,1,0,0
0.0483491885327737,-0.00752353440229109,1,0,0,0
1.35408859293426,0.820335173162267,0,0,0,1
1.20912650549555,0.929432866995326,0,0,0,1
0.989443478843659,1.00937493533180,0,0,0,1
0.0193582441552453,-0.0317710902378483,1,0,0,0
-0.0934763443610337,0.844640944185118,0,1,0,0
-0.0530180508422101,0.0291687508570236,1,0,0,0
1.07267561570019,0.184178004622020,0,0,1,0
-0.0513270921569373,0.111009866121622,1,0,0,0
-0.260913791388341,-0.00225190708309885,1,0,0,0
0.819006889611862,0.0498643944948192,0,0,1,0
0.108052837204385,-0.0618031534862795,1,0,0,0
-0.0349421655316968,1.03382512863281,0,1,0,0
1.18279125770465,0.353429711273704,0,0,1,0
0.895798681318544,0.840747577248186,0,0,0,1
-0.221726632704516,0.808120529511251,0,1,0,0
0.204603247099465,0.659906752888552,0,1,0,0
-0.229389450443108,-0.0548678854413000,1,0,0,0
-0.194985298138365,0.891623748758236,0,1,0,0
0.112707261061143,-0.126093064093254,1,0,0,0
0.168578627596940,-0.0300364905862103,1,0,0,0
1.04407755996608,-0.00434669727042581,0,0,1,0
1.26564659868942,0.136126255872833,0,0,1,0
0.893060109118943,1.20810178953486,0,0,0,1
-0.0717664656952625,1.15876602671116,0,1,0,0
0.391650292350900,1.07528599470984,0,1,0,0
0.158474608389624,0.331497561559059,1,0,0,0
-0.00729461015104833,0.0123379796194252,1,0,0,0
0.0735143951766721,0.381057809302404,1,0,0,0
1.03436851244255,0.0776503693968220,0,0,1,0
1.06345164503460,0.768053668255204,0,0,0,1
1.14103416772402,1.26576457191249,0,0,0,1
0.757365709799633,1.06488237466919,0,0,0,1
0.0742798178867055,0.230111332624362,1,0,0,0
0.832574812692227,-0.171242814447650,0,0,1,0
1.01817685571862,-0.283282594624711,0,0,1,0
-0.264613410539241,1.22976832580581,0,1,0,0
-0.0419752845817148,0.156587928409003,1,0,0,0
1.27208656601095,0.893107337061493,0,0,0,1
1.01145067775746,0.820194645471978,0,0,0,1
0.980910293629756,1.00565583698061,0,0,0,1
0.0208654840307640,-0.0385235317391512,1,0,0,0
0.0208347543057479,0.128033139496912,1,0,0,0
-0.227954467686875,0.194546449376450,1,0,0,0
0.0270165930913091,-0.280992902132234,1,0,0,0
-0.194127889551898,1.02304720789809,0,1,0,0
1.14589546381592,1.19408824132088,0,0,0,1
-0.0896259783783136,0.0980049058848465,1,0,0,0
0.991384469178017,1.01895263169480,0,0,0,1
0.861882665595803,1.09733894060445,0,0,0,1
1.03533006069092,1.21774106574580,0,0,0,1
0.0740009745137402,0.186720060927969,1,0,0,0
0.0799827174013265,-0.122121276655365,1,0,0,0
-0.199312418102911,0.951623258219722,0,1,0,0
0.303469620181637,0.796332437248873,0,1,0,0
1.32801715570817,0.837844052100840,0,0,0,1
-0.176312121933821,-0.335182199820425,1,0,0,0
0.337892147627853,0.114769715107519,1,0,0,0
0.363361925940301,0.0757705793922788,1,0,0,0
-0.217963092320551,0.0532558272562616,1,0,0,0
1.01796371894990,1.18613014907271,0,0,0,1
1.05714604642048,0.989944549328745,0,0,0,1
1.04837383240400,-0.0582029506097189,0,0,1,0
0.0363172084111226,-0.274874550356986,1,0,0,0
1.27005273852465,1.26745314629867,0,0,0,1
-0.0939903960059148,0.618573469154334,0,1,0,0
1.00839503128353,-0.000225996208360453,0,0,1,0
-0.115349348017587,1.12313404925143,0,1,0,0
-0.00799869059958501,-0.102130737341008,1,0,0,0
0.225629431118068,0.329061201977851,1,0,0,0
1.04170101654260,1.05541442347377,0,0,0,1
-0.0945529891446112,1.35721908299892,0,1,0,0
1.26071003443689,0.195755307660339,0,0,1,0
1.10342230284835,0.918216957673878,0,0,0,1
1.15087782522162,1.15882156127839,0,0,0,1
-0.139252402035208,0.0617955555466633,1,0,0,0
1.00100469933189,1.01993086813391,0,0,0,1
-0.279364865592282,0.895058071388958,0,1,0,0
1.01488484957493,0.0794146825277644,0,0,1,0
1.21643001563801,0.892567834017976,0,0,0,1
0.00226528194954626,0.951098399912360,0,1,0,0
0.911310062007514,-0.0800914832304381,0,0,1,0
-0.129942871812728,0.0653361044560721,1,0,0,0
1.06106625165689,0.0511508136293128,0,0,1,0
1.14184894816516,1.01625921457591,0,0,0,1
-0.150666556066546,0.257314916601871,1,0,0,0
1.16866460485686,0.179829859504223,0,0,1,0
0.739334553982047,1.03707329398062,0,0,0,1
0.159908008624707,0.775820807403228,0,1,0,0
0.0229098493033061,0.147035282911563,1,0,0,0
0.163388269355369,-0.0180103173369613,1,0,0,0
0.949938013975855,0.667250767482236,0,0,0,1
1.05425784247635,0.0469164149121130,0,0,1,0
0.0663156291738545,0.933238551490915,0,1,0,0
0.980568355970966,-0.0738622181086064,0,0,1,0
-0.0540743580585163,0.970218730600264,0,1,0,0
1.19272540347279,0.801349343593949,0,0,0,1
0.879424257522282,-0.149001919423534,0,0,1,0
0.986543507943860,1.21307609004090,0,0,0,1
0.748129283179738,0.0292193523820544,0,0,1,0
-0.105307591233701,1.31073518920026,0,1,0,0
0.0364122490909403,1.09913696219823,0,1,0,0
1.10684046605747,1.23250967153117,0,0,0,1
-0.0285418640454134,0.975939273351129,0,1,0,0
0.797391589492807,1.32256567498953,0,0,0,1
1.36004709955663,0.902689587290236,0,0,0,1
-0.00659600956142892,0.989772831232595,0,1,0,0
0.969962870297781,-0.233834893021439,0,0,1,0
0.231355325860200,1.25120074576824,0,1,0,0
-0.283474325234427,0.231462541440580,1,0,0,0
-0.159257580392761,0.315007896703672,1,0,0,0
0.976031492883965,-0.225096149383686,0,0,1,0
1.23922768660873,-0.0276198955382449,0,0,1,0
1.06092423932558,1.20796894451440,0,0,0,1
1.20922960208651,1.11037871229716,0,0,0,1
0.208544957698022,0.980094006690681,0,1,0,0
0.306277576582594,0.241863303210638,1,0,0,0
0.0228919287948906,0.0175426026904153,1,0,0,0
1.13590690957017,1.22019561020938,0,0,0,1
1.39021611992395,0.0813833147235728,0,0,1,0
0.182640092732126,0.0277530432701795,1,0,0,0
0.944801557073492,0.678970230563855,0,0,0,1
0.861392128524228,0.784635079191877,0,0,0,1
0.139221861154618,0.00751602068534308,1,0,0,0
0.0282789683275568,0.829674768788900,0,1,0,0
-0.170271127268612,-0.210769982675506,1,0,0,0
0.324318934093864,1.03453578887136,0,1,0,0
-0.0155264320297701,1.04654063726278,0,1,0,0
1.24856590626004,1.17331378240916,0,0,0,1
0.127718986515784,0.962301543922003,0,1,0,0
-0.380114432415802,-0.0164144980105204,1,0,0,0
1.14325694851854,0.227139728030011,0,0,1,0
1.20357495198952,0.0744179596054665,0,0,1,0
1.09409173819649,0.638803874561982,0,0,0,1
0.0669734583605123,0.334273100349370,1,0,0,0
-0.0261247080365864,1.05862485385773,0,1,0,0
1.07602237726952,1.08663875536464,0,0,0,1
-0.0805474016629605,0.714095441720630,0,1,0,0
1.03829035145064,-0.175025173458544,0,0,1,0
0.937096168207622,0.299943523693247,0,0,1,0
1.13425779446420,0.277057216987707,0,0,1,0
1.18622181790858,-0.117487364112608,0,0,1,0
1.13796806357695,0.913951425576858,0,0,0,1
0.169006906013630,0.982968365369839,0,1,0,0
0.801104121349762,0.311469321842466,0,0,1,0
0.722667938480347,0.262727440065407,0,0,1,0
0.852368532838815,1.29339245954736,0,0,0,1
1.03830013847317,1.08364547208381,0,0,0,1
1.04457612569417,0.742399015048620,0,0,0,1
1.24605152979196,-0.0492509579883966,0,0,1,0
-0.256794870628766,1.21291390520814,0,1,0,0
0.387454924262440,0.0903781809124714,1,0,0,0
-0.190976061713710,0.938848924868539,0,1,0,0
0.947595550414617,0.983335175538227,0,0,0,1
0.969960642954159,0.982866308976951,0,0,0,1
0.933974525012393,1.16912080573409,0,0,0,1
-0.0393668912929178,1.15739852128309,0,1,0,0
-0.271786230933922,1.02823332282472,0,1,0,0
1.23644575446756,0.938614062593326,0,0,0,1
0.973961350323155,0.268228240909146,0,0,1,0
1.12337219860702,0.0189760386126323,0,0,1,0
1.01533733849215,1.01734553115067,0,0,0,1
-0.0101781295972680,-0.0989888960273902,1,0,0,0
0.832995599145460,1.18673820878663,0,0,0,1
-0.0891144029554543,1.20524065299962,0,1,0,0
1.14615291958347,-0.0746853210590679,0,0,1,0
0.0824762641529951,1.02469327603456,0,1,0,0
1.34991667230217,0.898652483759351,0,0,0,1
-0.0319169104852092,1.05606462281087,0,1,0,0
1.05641949049639,1.00925869163828,0,0,0,1
-0.0133272191108858,-0.0403568143032700,1,0,0,0
0.975578249820840,0.248724462243874,0,0,1,0
0.0129731432502591,-0.0202552864309209,1,0,0,0
0.0276479375802567,0.893258179966638,0,1,0,0
0.294445634832337,0.0895466415317841,1,0,0,0
0.219394533581751,-0.253833294686442,1,0,0,0
1.00168610627800,1.34948168023358,0,0,0,1
0.113991131901752,-0.362629430780926,1,0,0,0
0.656192517054192,-0.0509234724208531,0,0,1,0
0.0643422712050285,0.754004553254929,0,1,0,0
0.956029755078966,0.308270482060436,0,0,1,0
0.996639306088307,1.14374189985971,0,0,0,1
0.934239553088591,1.11044934483715,0,0,0,1
1.01968913781249,-0.128084498073009,0,0,1,0
1.05280063431706,1.07776120313994,0,0,0,1
0.822847998384995,0.218741731829102,0,0,1,0
-0.279748593990738,1.21481094902746,0,1,0,0
0.892643636995713,1.02458998938802,0,0,0,1
0.0493170993999097,-0.0856902088340723,1,0,0,0
0.180365885120077,-0.145581982999055,1,0,0,0
0.134190218459065,0.940660084659184,0,1,0,0
0.615581813738478,0.974460195620766,0,0,0,1
1.30666199049079,0.0710185170374126,0,0,1,0
-0.0236367230685636,-0.0301344515312588,1,0,0,0
-0.0544796163750316,-0.208456632284691,1,0,0,0
1.04027018049452,-0.328242543167075,0,0,1,0
0.935308764808486,1.36663928663452,0,0,0,1
-0.00183226238345581,0.0244256872355557,1,0,0,0
1.26407578793620,1.02123127310896,0,0,0,1
-0.152107201673747,0.299764614649293,1,0,0,0
-0.0420686305489050,-0.00945823757547903,1,0,0,0
0.0773577664751262,-0.0265661216720462,1,0,0,0
0.119992768921822,0.0636890198359534,1,0,0,0
-0.189282974124503,1.06478327062658,0,1,0,0
-0.00640003531185192,-0.122151170571544,1,0,0,0
1.01544744918968,0.668458765989639,0,0,0,1
0.744082339048182,1.06740646666949,0,0,0,1
1.18051697971202,0.123549834416351,0,0,1,0
0.967041453461897,1.37550856519507,0,0,0,1
0.184795662784244,1.17480370276787,0,1,0,0
0.860339257314979,0.00869031468150965,0,0,1,0
1.01005173945084,0.991243301846666,0,0,0,1
-0.0211511414638665,1.06110687311737,0,1,0,0
0.900533635681498,1.21464228828854,0,0,0,1
0.959636610338819,1.14389254512126,0,0,0,1
0.187126627177668,1.05232981941858,0,1,0,0
1.18203295460081,1.19278663887298,0,0,0,1
-0.106077607139997,1.25953031771441,0,1,0,0
0.198378222818392,-0.212269912075596,1,0,0,0
0.954829710271745,1.02585078796840,0,0,0,1
0.235099050127880,0.817275927994425,0,1,0,0
0.0270041186511842,0.0140981789912908,1,0,0,0
-0.0413907434270453,0.950848226332897,0,1,0,0
-0.153994968125916,0.801157190540445,0,1,0,0
0.128480753663408,-0.0740585188794328,1,0,0,0
-0.318947803492046,0.0709776584728380,1,0,0,0
0.199271294584460,0.0572580139417530,1,0,0,0
0.848985229508443,1.09595605151440,0,0,0,1
0.100652159879643,0.161023489548947,1,0,0,0
0.880727804265327,0.913269583033164,0,0,0,1
0.0570873659383479,0.942096330554827,0,1,0,0
-0.0129626504651455,0.0676569739037053,1,0,0,0
0.855458009434016,-0.100393733800651,0,0,1,0
-0.157549979573338,1.26631600363988,0,1,0,0
-0.277468702206804,0.200481869382434,1,0,0,0
0.116590816026938,-0.114157996168939,1,0,0,0
-0.244853164652477,1.25111616502363,0,1,0,0
0.0995452114011813,0.830169964565715,0,1,0,0
0.995383133117182,0.986913505736172,0,0,0,1
0.871508825258366,0.0293272907272385,0,0,1,0
0.953725661519263,-0.121553329809825,0,0,1,0
1.11874325492791,1.00182991987865,0,0,0,1
0.235286044337448,1.09592975568737,0,1,0,0
0.0843837958698285,0.617439410045541,0,1,0,0
-0.0258801463178167,-0.381241483174323,1,0,0,0
0.00970499035690272,0.351198180883682,1,0,0,0
-0.0463677200474690,-6.18424280171651e-05,1,0,0,0
1.37057201876422,1.12743371813064,0,0,0,1
0.0245758694511322,0.115556873710113,1,0,0,0
-0.00519493368486013,0.647293753728015,0,1,0,0
0.928679065140604,0.861997081539140,0,0,0,1
1.20263365177482,-0.135593366667604,0,0,1,0
0.943248113645062,0.796883409814195,0,0,0,1
1.20766941526451,0.733063412257753,0,0,0,1
0.676107601921603,-0.179300798982690,0,0,1,0
-0.367599248395196,-0.138916051495394,1,0,0,0
1.15303953932089,0.328928571782261,0,0,1,0
1.02536985392657,0.927366703157942,0,0,0,1
0.694080328708446,0.832744077870125,0,0,0,1
-0.216042221404174,0.145556355030836,1,0,0,0
1.08237050180534,1.04141417817215,0,0,0,1
-0.0124654809267561,0.131663118659634,1,0,0,0
1.17664134806370,-0.100753852315693,0,0,1,0
1.33725563835809,0.988876713662521,0,0,0,1
0.132759168942004,-0.139971676994125,1,0,0,0
0.0270659882393855,0.138432417976491,1,0,0,0
-0.174806611667800,-0.267456242749680,1,0,0,0
-0.257228137021513,0.147388258901540,1,0,0,0
1.04910132331330,1.00964966433627,0,0,0,1
0.313989694748911,0.805403227694770,0,1,0,0
1.24661168431050,0.237373494143120,0,0,1,0
1.35609463568351,1.12768303664429,0,0,0,1
0.928957836424452,0.731385153809943,0,0,0,1
0.0419163303327237,-0.269078970689761,1,0,0,0
1.11514920284197,0.740047316983974,0,0,0,1
0.789533182889193,1.32930004765792,0,0,0,1
0.909608814176902,1.22525417249159,0,0,0,1
0.994708149054329,1.03439934548091,0,0,0,1
-0.171733736908259,0.0872258210716147,1,0,0,0
1.00842619981682,0.991528870221689,0,0,0,1
1.31193458919163,-0.145460113576087,0,0,1,0
-0.392732717567874,0.947945872467791,0,1,0,0
1.09156424618964,1.00250488713118,0,0,0,1
-0.0315423029655966,1.25766409602942,0,1,0,0
1.03898511860403,-0.0575406531715704,0,0,1,0
0.0855712649253276,0.622786674308367,0,1,0,0
0.303785414856443,1.14689859671480,0,1,0,0
-0.254010818689468,0.293293341207187,1,0,0,0
0.0847178801899051,0.243335314631131,1,0,0,0
1.25870288514856,1.27099169569473,0,0,0,1
-0.0110106404028070,1.00182127368480,0,1,0,0
0.778729487693547,-0.0780428001980789,0,0,1,0
0.910443754657088,-0.265701210224847,0,0,1,0
1.07200140146832,1.07174911386229,0,0,0,1
0.0443238344099273,1.07757185218832,0,1,0,0
0.852310447684740,0.268312075947710,0,0,1,0
0.806374908312250,0.807494300666740,0,0,0,1
0.772924732927115,1.06769323254528,0,0,0,1
0.0284288804442822,0.979632016648397,0,1,0,0
-0.252779991644789,0.103317238583416,1,0,0,0
0.944178901194314,0.676791275180138,0,0,0,1
0.0494533297070211,0.771141486272929,0,1,0,0
0.180891994626205,0.0913954682055749,1,0,0,0
1.18414435030595,0.125629678720404,0,0,1,0
1.11633162756775,-0.0247519201342972,0,0,1,0
0.156092321163154,-0.333925865359008,1,0,0,0
0.843385868629173,-0.195495314533009,0,0,1,0
1.16041777304108,1.32274774791302,0,0,0,1
0.0531968338264543,1.07624109084848,0,1,0,0
0.206451823499771,-0.201639797217818,1,0,0,0
0.00810600639048856,0.0551073548195696,1,0,0,0
0.813143284995737,-0.226939984633874,0,0,1,0
-0.253465309831252,1.02031477710539,0,1,0,0
0.148236209991700,-0.0867013124633469,1,0,0,0
0.998308918674532,0.998742335747072,0,0,0,1
1.06477233527229,1.31831210307031,0,0,0,1
1.03042678785924,-0.371379456785018,0,0,1,0
0.818497531202332,0.0432056166639062,0,0,1,0
1.09190085422680,-0.00878200334756516,0,0,1,0
0.722843130685464,-0.150979248282708,0,0,1,0
-0.0394750129039671,0.783661080586863,0,1,0,0
1.23173184315013,-0.00766917795424390,0,0,1,0
0.716442029368082,-0.129406954594590,0,0,1,0
0.881845963886865,0.269034167619926,0,0,1,0
0.147871750559764,-0.263146890717534,1,0,0,0
0.755736280296039,1.11353951560957,0,0,0,1
1.00852912873056,0.164675609135812,0,0,1,0
1.04757840432308,0.0762910785929008,0,0,1,0
-0.278979763934210,0.798798951180976,0,1,0,0
-0.245921991402003,0.731260530673405,0,1,0,0
-0.0636994433832940,-0.163294160915840,1,0,0,0
0.0871998726256125,0.0869625053923668,1,0,0,0
-0.183846117407431,0.712400554971082,0,1,0,0
1.26088619176418,-0.196872899270136,0,0,1,0
0.380753542656189,0.919246812589794,0,1,0,0
1.13580717716724,1.37224381952949,0,0,0,1
1.04009866249659,0.997418905443189,0,0,0,1
0.0381191910089463,1.07173041586837,0,1,0,0
-0.0688765411836498,0.0245354865132675,1,0,0,0
0.923153599713461,0.851028389564470,0,0,0,1
0.732345752907140,1.02527921575316,0,0,0,1
0.0151703436660527,-0.195492454048955,1,0,0,0
0.929014100634731,0.760149208329148,0,0,0,1
0.000618768924703360,-0.0186382438376986,1,0,0,0
-0.159792138583964,0.0563689197136750,1,0,0,0
0.603767172564618,-0.0339289699647597,0,0,1,0
-0.219852202172476,0.774593427342770,0,1,0,0
1.04879870437085,0.993950405632918,0,0,0,1
0.0432380558288110,1.06481705122666,0,1,0,0
0.790235575440480,1.02673122061772,0,0,0,1
0.0904605465978988,0.00369350011217487,1,0,0,0
1.26131134501109,0.874299732316840,0,0,0,1
-0.258432568000485,0.813187698436235,0,1,0,0
0.870708748720095,0.0372969227783089,0,0,1,0
1.38947703218693,0.928445802049087,0,0,0,1
0.825754288107600,1.25326556231411,0,0,0,1
-0.110249688474675,0.235126414810742,1,0,0,0
1.09632021214649,-0.00902230994169801,0,0,1,0
0.970774741462279,0.156911678744963,0,0,1,0
0.140135800488923,-0.222154425216790,1,0,0,0
0.764871022034683,0.858498245197921,0,0,0,1
-0.0823166656087788,0.0389555007044943,1,0,0,0
0.0981171203206918,-0.0332020231373465,1,0,0,0
0.677614945509828,0.184206607098600,0,0,1,0
0.306698808481025,0.901501411238355,0,1,0,0
1.07005962367352,0.904495429180593,0,0,0,1
-0.234785228471522,0.800922274656299,0,1,0,0
-0.177684233866381,-0.121366407390361,1,0,0,0
0.328499021846145,0.0122596911178076,1,0,0,0
-0.178089167915121,0.0780671750275973,1,0,0,0
0.0820727493569156,0.180714192405134,1,0,0,0
0.150915906778739,1.20780363806148,0,1,0,0
1.33001872787673,-0.0369446287918679,0,0,1,0
0.811223988757867,1.27546931373494,0,0,0,1
1.08472303114014,0.273301225860775,0,0,1,0
1.22178517858107,0.0474243619742328,0,0,1,0
-0.124188783488063,1.00814884142547,0,1,0,0
0.649484733736500,0.0222604228942767,0,0,1,0
-0.136927415824554,0.884892885499501,0,1,0,0
-0.367490759150944,1.04844326854533,0,1,0,0
1.15626101751167,0.641576776576756,0,0,0,1
1.30704688915945,0.880049249655745,0,0,0,1
0.810299232849836,1.03280902547444,0,0,0,1
1.15787913571639,0.0554405660589285,0,0,1,0
0.296905206690531,0.735029634831776,0,1,0,0
0.0234926978368026,0.927561090536111,0,1,0,0
1.06215397633469,0.0358701614447447,0,0,1,0
-0.201386550603658,0.913431181636855,0,1,0,0
0.954981081960312,0.189893982710351,0,0,1,0
-0.0325290378357348,1.34009571220581,0,1,0,0
0.184698985663426,1.14636469948201,0,1,0,0
0.191816171721384,0.145800773775805,1,0,0,0
1.19137364696933,0.268591627737060,0,0,1,0
-0.271655527869767,0.850435511269199,0,1,0,0
1.21742634495659,-0.153261595031605,0,0,1,0
0.920688070093063,-0.304066928237285,0,0,1,0
0.893288706070236,-0.308622990929907,0,0,1,0
-0.279147218006787,1.26763039786624,0,1,0,0
0.153704059765437,-0.153435253427291,1,0,0,0
0.355125603595516,-0.0490487705909447,1,0,0,0
-0.0861207361925971,0.106533054183767,1,0,0,0
0.00480127458794242,0.887366054746271,0,1,0,0
-0.00350980694815844,1.31307847019036,0,1,0,0
-0.0682220902687746,0.0614054908718132,1,0,0,0
-0.196720537306404,0.853864737027653,0,1,0,0
1.17693596244991,-0.0196352838864093,0,0,1,0
1.19647245916127,0.00693739988669022,0,0,1,0
-0.0477445977890143,0.841560809356177,0,1,0,0
-0.133241447138471,0.133065733590688,1,0,0,0
0.775784896383484,1.02635739486807,0,0,0,1
1.01652197296355,1.10472486047358,0,0,0,1
-0.260992217996652,0.915007023853793,0,1,0,0
1.03412415456823,1.14868747265749,0,0,0,1
-0.0603225761620657,0.0244323164883083,1,0,0,0
0.846648909849177,1.08562289794310,0,0,0,1
-0.0962906213832909,1.32297057638355,0,1,0,0
0.997945550776484,0.615669540583345,0,0,0,1
-0.285121879097723,1.11727055184675,0,1,0,0
-0.364729412473250,1.04033270615426,0,1,0,0
0.995658025632972,-0.00687810692064776,0,0,1,0
-0.225325376246441,-0.129698889817470,1,0,0,0
0.897127847567684,0.257164035344198,0,0,1,0
0.0457791335100602,0.384742952031209,1,0,0,0
1.01278876117648,1.00224589806794,0,0,0,1
0.803508226050709,0.115453629390352,0,0,1,0
0.0449653275341640,1.13628441620163,0,1,0,0
1.12170803821453,1.21931668578006,0,0,0,1
-0.176840705966326,0.641652743828752,0,1,0,0
-0.0269762159370894,0.930711158216757,0,1,0,0
-0.0797757512694542,0.926759755758030,0,1,0,0
0.0380265059247720,1.23438480447094,0,1,0,0
0.142973426918248,1.01325469730704,0,1,0,0
1.29809062139322,1.13409759518875,0,0,0,1
0.601487510549126,1.00588585917790,0,0,0,1
-0.0169755244864392,-0.0137230717760699,1,0,0,0
0.340913443578360,0.996280780616221,0,1,0,0
0.00258764970548356,0.882633629795052,0,1,0,0
1.15788654423505,-0.217370617607773,0,0,1,0
-0.0216743184447203,-0.0387492543060384,1,0,0,0
1.34576317176594,1.01796210576887,0,0,0,1
-0.101202207644075,0.0671089427004137,1,0,0,0
0.0251308226012372,0.981009896130531,0,1,0,0
0.353293262273881,-1.89876349073782e-05,1,0,0,0
0.991133724017958,1.03870854353388,0,0,0,1
1.32165417638904,-0.130386081027176,0,0,1,0
1.27495858005194,1.00746718596095,0,0,0,1
0.215310863899841,0.663820956393087,0,1,0,0
1.36966560033925,0.913032333408517,0,0,0,1
0.975563275027096,-0.0159460864189256,0,0,1,0
0.0897067115197611,0.276888895075914,1,0,0,0
0.122069654899182,-0.297190229501663,1,0,0,0
0.969385060650641,0.911630220782961,0,0,0,1
1.07677486487136,-0.139713991207961,0,0,1,0
0.0754679090910101,0.000454924577988017,1,0,0,0
0.978060336648905,0.962634522105622,0,0,0,1
-0.0400936189147259,0.954943821181883,0,1,0,0
-0.206829743114784,-0.0445871174099762,1,0,0,0
0.988492340231983,0.345415508417021,0,0,1,0
1.10387526429256,-0.241058168783532,0,0,1,0
0.988517401226066,0.245944637337428,0,0,1,0
0.0248005492199400,1.28635920949644,0,1,0,0
0.201514364514678,1.32741505395197,0,1,0,0
0.797529423498627,1.00780566778190,0,0,0,1
0.0316150313645986,1.29346092305754,0,1,0,0
0.0667880447649740,1.08312245480887,0,1,0,0
-0.152949481607496,0.982148126873280,0,1,0,0
0.948619400186623,-0.136970732493895,0,0,1,0
0.238708984612275,0.112557413111745,1,0,0,0
0.315575095080318,0.0144910370428716,1,0,0,0
0.0421121502645094,-0.0839342836792259,1,0,0,0
1.00879657680323,-0.0958046403317164,0,0,1,0
0.903732956582355,1.35720799174530,0,0,0,1
1.08527005824527,0.809578496493501,0,0,0,1
0.0887083487434702,0.278416135084959,1,0,0,0
1.11509578683591,1.19384371720167,0,0,0,1
0.230235822429763,0.855961714238440,0,1,0,0
0.0498177638185795,0.903516591691623,0,1,0,0
-0.0584181987111450,1.12886137427831,0,1,0,0
1.15241260372275,-0.255564018144707,0,0,1,0
0.267634474723292,0.963110689984604,0,1,0,0
1.08147370275396,1.02267696477930,0,0,0,1
1.04790380916790,0.386584516887212,0,0,1,0
0.110494282746262,1.24118007010500,0,1,0,0
0.283789495073355,-0.205287337836085,1,0,0,0
-0.144498379648505,1.28851242636856,0,1,0,0
0.0511826939968098,0.0499441678207491,1,0,0,0
0.885173536431317,1.19698240859195,0,0,0,1
0.352427036961872,0.932099348329468,0,1,0,0
0.381292519513241,0.917940468963136,0,1,0,0
0.983007320914923,0.0585684288480894,0,0,1,0
-0.230218352653798,-0.176166388688843,1,0,0,0
0.156062250991253,0.904524448869097,0,1,0,0
0.880823996464951,0.0179223464020655,0,0,1,0
1.26681475658858,-0.105399511588604,0,0,1,0
1.19343720901302,-0.0563760255753056,0,0,1,0
0.0488607443148825,0.166532614700197,1,0,0,0
-0.263580976873217,1.13595459505110,0,1,0,0
0.0151463532479687,0.909153394713699,0,1,0,0
1.05806871065359,0.264948926706122,0,0,1,0
1.07686783844721,1.22620629498574,0,0,0,1
0.752515368617175,0.874295288289478,0,0,0,1
-0.0843788508702770,-0.0530209905433836,1,0,0,0
-0.254568831261995,1.06451366965343,0,1,0,0
0.950756115377817,0.000965279508989583,0,0,1,0
1.20345816737965,1.15262401211406,0,0,0,1
-0.333761139705603,0.125011370372790,1,0,0,0
0.147527101740564,1.10234523918069,0,1,0,0
0.0159362020933750,-0.0100912726611569,1,0,0,0
0.0647692526235382,1.37557267971377,0,1,0,0
0.0734439554844685,0.0604533325012761,1,0,0,0
-0.0135535064239158,0.0180156412519773,1,0,0,0
1.17016102114808,0.0286603920397538,0,0,1,0
-0.0364387151565952,-0.144911813033427,1,0,0,0
0.124987435553760,0.941057191388534,0,1,0,0
-0.169460368036264,1.18991100376675,0,1,0,0
0.868902354380369,0.0713487353730588,0,0,1,0
-0.121056859790076,0.995167470328954,0,1,0,0
0.163074884147793,1.21130745490708,0,1,0,0
-0.170966294805001,1.06803816087018,0,1,0,0
-0.105073886552785,0.922388908599281,0,1,0,0
