ACC Macro,Bangdiwala B,Bennett S,Conditional Entropy,Cross Entropy,F1 Micro,FNR Micro,FPR Micro,Gwet AC1,Hamming Loss,Joint Entropy,Kappa No Prevalence,Mutual Information,NIR,Overall ACC,Overall RACC,Overall RACCU,PPV Micro,Reference Entropy,Response Entropy,Standard Error,TNR Micro,TPR Micro,mark_1,mark_2,mark_3,mark_4,mark_5
0.9979772567749025,0.9979772567749025,0.9959545135498048,0.021017730266126945,0.002921156992096773,0.9979772567749025,0.002022743225097656,0.002022743225097656,0.9979731611467392,0.002022743225097656,0.021017730266126945,0.9959545135498048,0.0,1.0,0.9979772567749025,0.9979772567749025,0.9979793025199796,0.9979772567749025,-0.0,0.021017730266126945,2.533203711629495e-05,0.9979772567749025,0.9979772567749025,1,0,0,0,0
0.9983119964599608,0.9983089060337303,0.996623992919922,0.00243424691040917,0.027588628808162152,0.9983119964599608,0.0016880035400390625,0.0016880035400390625,0.9983060490562936,0.0016880035400390625,0.028529402069270886,0.996623992919922,0.00811686768379295,0.9973974227905272,0.9983119964599608,0.9964876096182708,0.9964890342962462,0.9983119964599608,0.026095155158861717,0.010551114594202118,2.3145109379370967e-05,0.9983119964599608,0.9983119964599608,0,0,0,0,1
0.8921718597412109,0.8787743506379101,0.7843437194824219,0.4872714719274394,0.39888089440014535,0.8921718597412109,0.10782814025878906,0.10782814025878906,0.8653410521722366,0.10782814025878906,0.8114689203004943,0.7843437194824219,0.15945515122270293,0.9408159255981444,0.8921718597412109,0.7951247353139479,0.8007499092946091,0.8921718597412109,0.3241974483730551,0.6467266231501423,0.00017487580790604172,0.8921718597412109,0.8921718597412109,0,0,0,1,0
0.8915338516235352,0.8599540835838859,0.7830677032470703,0.4747951512578371,0.6160219852971451,0.8915338516235352,0.10846614837646484,0.10846614837646484,0.8443803446367842,0.10846614837646484,1.0387465640738949,0.7830677032470703,0.3201210231769599,0.8676118850708008,0.8915338516235352,0.6912130393102416,0.6969951714859235,0.8915338516235352,0.5639514128160579,0.794916174434797,0.00017532968169040665,0.8915338516235352,0.8915338516235352,0,0,0,1,0
0.8291492462158203,0.7856215218904945,0.6582984924316406,0.6515570229829775,0.6267796734676092,0.8291492462158203,0.1708507537841797,0.1708507537841797,0.7507598600993854,0.1708507537841797,1.1766452692016018,0.6582984924316406,0.1933383928334802,0.8814811706542969,0.8291492462158203,0.6736459376843413,0.6854865105287901,0.8291492462158203,0.5250882462186245,0.8448954158164577,0.00021220920615810915,0.8291492462158203,0.8291492462158203,0,0,1,0,0
0.7777032852172852,0.7645617809385121,0.5554065704345703,0.7643384250184332,0.4418366197860616,0.7777032852172852,0.22229671478271484,0.22229671478271484,0.7106262272896947,0.22229671478271484,0.9548015286112412,0.5554065704345703,0.02801096545203674,0.9707803726196288,0.7777032852172852,0.7463235317554789,0.7681992486764102,0.7777032852172852,0.19046310359280808,0.7923493904704699,0.00023442984749104785,0.7777032852172852,0.7777032852172852,0,1,0,0,0
0.9773483276367188,0.9771139369976124,0.9546966552734376,0.1517734653443593,0.06400010368550474,0.9773483276367188,0.02265167236328125,0.02265167236328125,0.9766594183974966,0.02265167236328125,0.19919642766685844,0.9546966552734376,0.01530004555631756,0.9947357177734376,0.9773483276367188,0.9702956102555618,0.9704844870211672,0.9773483276367188,0.04742296232249919,0.16707351090067685,8.389078122444276e-05,0.9773483276367188,0.9773483276367188,0,1,0,0,0
0.8753070831298828,0.8702368912700376,0.7506141662597656,0.5417029029160457,0.2739678384792159,0.8753070831298828,0.1246929168701172,0.1246929168701172,0.8533845572629651,0.1246929168701172,0.6831460156603492,0.7506141662597656,0.04974655390367967,0.979999542236328,0.8753070831298828,0.8429397364234319,0.8504760108644405,0.8753070831298828,0.1414431127443034,0.5914494568197254,0.00018626897706893383,0.8753070831298828,0.8753070831298828,0,1,0,0,0
0.9802207946777344,0.9800400062135716,0.9604415893554688,0.13586005801441306,0.05701678875136632,0.9802207946777344,0.019779205322265625,0.019779205322265625,0.979696929312893,0.019779205322265625,0.17868059728018965,0.9604415893554688,0.013819860914627474,0.9953374862670898,0.9802207946777344,0.9740562879978824,0.9741977273824888,0.9802207946777344,0.042820539265776655,0.14967991892904053,7.850653167060473e-05,0.9802207946777344,0.9802207946777344,0,0,1,0,0
0.975872039794922,0.975872039794922,0.9517440795898438,-0.0,-0.0,0.975872039794922,0.024127960205078125,0.024127960205078125,0.975282860277354,0.024127960205078125,0.1640290862641977,0.9517440795898438,0.0,0.975872039794922,0.975872039794922,0.975872039794922,0.9761631190267508,0.975872039794922,0.1640290862641977,-0.0,8.651594531257631e-05,0.975872039794922,0.975872039794922,1,0,0,0,0
0.9697580337524414,0.9678094735749478,0.9395160675048828,0.09724719170090672,0.3044545510644703,0.9697580337524414,0.030241966247558594,0.030241966247558594,0.9670955918044472,0.030241966247558594,0.3936558701460653,0.9395160675048828,0.10760058069584694,0.9476232528686525,0.9697580337524414,0.9188801108721236,0.919085554367939,0.9697580337524414,0.2964086784451585,0.20484777239675367,9.655530081773055e-05,0.9697580337524414,0.9697580337524414,0,0,1,0,0
0.8669281005859375,0.8552757150173277,0.733856201171875,0.51642359056065,0.3296055728554236,0.8669281005859375,0.1330718994140625,0.1330718994140625,0.8421740802183159,0.1330718994140625,0.8027241227349664,0.733856201171875,0.017470463317673657,0.9500226974487304,0.8669281005859375,0.8405924917697121,0.8431561786437669,0.8669281005859375,0.28630053217431634,0.5338940538783237,0.0001915023616386156,0.8669281005859375,0.8669281005859375,0,1,0,0,0
0.9966583251953124,0.9965796805845558,0.993316650390625,0.0245208660778243,0.09710642587305468,0.9966583251953124,0.0033416748046875,0.0033416748046875,0.9965739497420674,0.0033416748046875,0.1216265489937293,0.993316650390625,0.07187502495644886,0.9874744415283204,0.9966583251953124,0.975372376764426,0.9753723830963279,0.9966583251953124,0.09710568291590503,0.09639589103427317,3.253828490519812e-05,0.9966583251953124,0.9966583251953124,0,0,0,0,1
0.9528751373291016,0.9424980971337492,0.9057502746582032,0.2433932507311141,0.5044345739243529,0.9528751373291016,0.04712486267089844,0.04712486267089844,0.9411076561638072,0.04712486267089844,0.7477936637200429,0.9057502746582032,0.2674952790563645,0.8885078430175781,0.9528751373291016,0.8001841987133957,0.8001865709738922,0.9528751373291016,0.5044004129889287,0.5108885297874787,0.00011947649196631558,0.9528751373291016,0.9528751373291016,0,0,0,1,0
0.9883222579956056,0.9879313782273212,0.9766445159912108,0.08764167569161016,0.1250430572197021,0.9883222579956056,0.011677742004394531,0.011677742004394531,0.9878282910842184,0.011677742004394531,0.21058761712363425,0.9766445159912108,0.07923960796129717,0.9832220077514648,0.9883222579956056,0.959385704871238,0.959416798840266,0.9883222579956056,0.122945941432024,0.16688128365290733,6.057147398605905e-05,0.9883222579956056,0.9883222579956056,0,0,0,1,0
1.0,1.0,1.0,-0.0,-0.0,1.0,0.0,0.0,1.0,0.0,-0.0,1.0,0.0,1.0,1.0,1.0,1.0,1.0,-0.0,-0.0,0.0,1.0,1.0,0,0,0,0,1
0.9766454696655272,0.9766454696655272,0.9532909393310548,-0.0,-0.0,0.9766454696655272,0.023354530334472656,0.023354530334472656,0.9760936681779402,0.023354530334472656,0.1598820637089284,0.9532909393310548,0.0,0.9766454696655272,0.9766454696655272,0.9766454696655272,0.9769181867090992,0.9766454696655272,0.1598820637089284,-0.0,8.515172590052751e-05,0.9766454696655272,0.9766454696655272,1,0,0,0,0
0.8228874206542969,0.7623805364291298,0.6457748413085938,0.6005606525529772,0.7225177573310075,0.8228874206542969,0.17711257934570312,0.17711257934570312,0.7392931745389516,0.17711257934570312,1.3230773458396676,0.6457748413085938,0.1229264330367239,0.7997055053710938,0.8228874206542969,0.6793552420276683,0.6793553603074542,0.8228874206542969,0.7225166932866904,0.7234870855897011,0.0002152456243627893,0.8228874206542969,0.8228874206542969,0,0,0,0,1
0.9370698928833008,0.9230529202358908,0.8741397857666016,0.33231679101326034,0.4935078600777849,0.9370698928833008,0.06293010711669922,0.06293010711669922,0.919871273387838,0.06293010711669922,0.8185296324024063,0.8741397857666016,0.2493747222392457,0.8944931030273438,0.9370698928833008,0.7848007430293364,0.7853626255823656,0.9370698928833008,0.486212841389146,0.581691513252506,0.00013691613905522727,0.9370698928833008,0.9370698928833008,0,0,0,1,0
0.8606395721435547,0.8533647479753967,0.7212791442871094,0.5817701685840436,0.3048573734158227,0.8606395721435547,0.1393604278564453,0.1393604278564453,0.8333541478713405,0.1393604278564453,0.754689331010626,0.7212791442871094,0.03825809842813754,0.9741907119750975,0.8606395721435547,0.8280365980117494,0.8362670062069809,0.8606395721435547,0.1729191624265821,0.6200282670121812,0.0001952629323528745,0.8606395721435547,0.8606395721435547,0,1,0,0,0
0.937779426574707,0.9314597123147518,0.8755588531494141,0.17930832403354358,0.4533860980768951,0.937779426574707,0.062220573425292976,0.062220573425292976,0.9284327078100936,0.062220573425292976,0.6143126634322758,0.8755588531494141,0.11091757573450688,0.9104385375976562,0.937779426574707,0.8686523860524176,0.8693995751605144,0.937779426574707,0.4350043393987322,0.2902258997680505,0.00013619362235511596,0.937779426574707,0.937779426574707,0,0,0,0,1
0.8260707855224609,0.7913744908804041,0.6521415710449219,0.5306624251569769,0.5888702583575827,0.8260707855224609,0.17392921447753906,0.17392921447753906,0.7714825819222507,0.17392921447753906,1.1193108007067851,0.6521415710449219,0.04206381205131969,0.8583097457885742,0.8260707855224609,0.7611019071355258,0.7611201629206334,0.8260707855224609,0.5886483755498082,0.5727262372082966,0.0002137146606595247,0.8260707855224609,0.8260707855224609,0,1,0,0,0
0.9442253112792968,0.9363040062594978,0.8884506225585938,0.3048741783614032,0.3721012792082383,0.9442253112792968,0.055774688720703125,0.055774688720703125,0.9337245616893579,0.055774688720703125,0.6656185085791411,0.8884506225585938,0.17937990018280914,0.931382179260254,0.9442253112792968,0.8409017484536889,0.841558956717563,0.9442253112792968,0.3607443302177379,0.4842540785442123,0.00012938854007701767,0.9442253112792968,0.9442253112792968,0,0,1,0,0
0.9605998992919922,0.9585745865024512,0.9211997985839844,0.18352684631724064,0.2096559937556368,0.9605998992919922,0.03940010070800781,0.03940010070800781,0.9577324439351776,0.03940010070800781,0.3927984040979156,0.9211997985839844,0.04625540409820533,0.9669895172119141,0.9605998992919922,0.9321502151942695,0.932159423828125,0.9605998992919922,0.20927155778067488,0.22978225041544595,0.00010968805872269568,0.9605998992919922,0.9605998992919922,0,0,1,0,0
0.9316072463989258,0.9254536717657096,0.8632144927978516,0.2614998326688027,0.3408060134418405,0.9316072463989258,0.06839275360107422,0.06839275360107422,0.9227997637742564,0.06839275360107422,0.6019636858206359,0.8632144927978516,0.058550584484036876,0.9366855621337892,0.9316072463989258,0.8859004425430612,0.8859137865988487,0.9316072463989258,0.34046385315183314,0.32005041715283955,0.00014231834662964052,0.9316072463989258,0.9316072463989258,0,0,1,0,0
0.9697761535644532,0.9685913504516801,0.9395523071289062,0.1948742119323668,0.15304060834049654,0.9697761535644532,0.030223846435546875,0.030223846435546875,0.967714661404,0.030223846435546875,0.33241746394388183,0.9395523071289062,0.0774373062047688,0.9806909561157228,0.9697761535644532,0.935771957372708,0.9361477298953104,0.9697761535644532,0.13754325201151504,0.2723115181371356,9.652727217745742e-05,0.9697761535644532,0.9697761535644532,0,0,1,0,0
0.9494009017944336,0.9380813726834516,0.8988018035888672,0.2887932295269703,0.4882019578930354,0.9494009017944336,0.050599098205566406,0.050599098205566406,0.93557822222118,0.050599098205566406,0.7675387108920818,0.8988018035888672,0.2989473399718245,0.8969001770019531,0.9494009017944336,0.7847034749356679,0.7854346767530842,0.9494009017944336,0.4787454813651115,0.5877405694987948,0.00012357642419744098,0.9494009017944336,0.9494009017944336,0,0,0,0,1
0.8483409881591797,0.8274026881911917,0.6966819763183594,0.5951175331052413,0.4290772133977566,0.8483409881591797,0.1516590118408203,0.1516590118408203,0.8079916743109472,0.1516590118408203,0.9654518415605507,0.6966819763183594,0.05666306105111785,0.928813934326172,0.8483409881591797,0.7852254549361533,0.7898564361548779,0.8483409881591797,0.3703343084553096,0.6517805941563591,0.00020223613295095632,0.8483409881591797,0.8483409881591797,1,0,0,0,0
0.8757152557373047,0.8234790218020491,0.7514305114746094,0.5273895578995519,0.7426997209456652,0.8757152557373047,0.12428474426269533,0.12428474426269533,0.8034097295718747,0.12428474426269533,1.2246497420178035,0.7514305114746094,0.35119786903915673,0.8120040893554688,0.8757152557373047,0.6261732235434465,0.6322019090366666,0.8757152557373047,0.6972601841182516,0.8785874269387086,0.00018600721284958165,0.8757152557373047,0.8757152557373047,0,0,0,1,0
0.9881868362426758,0.9880761253519432,0.9763736724853516,0.014164285083828087,0.13423777592916952,0.9881868362426758,0.01181316375732422,0.01181316375732422,0.9879344427171975,0.01181316375732422,0.13534200176881506,0.9763736724853516,0.028671012554373945,0.9835224151611328,0.9881868362426758,0.9790117108677804,0.9790814862867592,0.9881868362426758,0.121177716684987,0.042835297638202034,6.091749836423128e-05,0.9881868362426758,0.9881868362426758,0,0,0,1,0
0.9876813888549804,0.9873731586346882,0.9753627777099608,0.07281928884407378,0.11138843902172099,0.9876813888549804,0.012318611145019531,0.012318611145019531,0.9872940179114004,0.012318611145019531,0.1841269774343592,0.9753627777099608,0.04636734004278162,0.9851741790771484,0.9876813888549804,0.9695118465788256,0.9695127113450326,0.9876813888549804,0.1113076885902855,0.11918662888685536,6.219116957804765e-05,0.9876813888549804,0.9876813888549804,0,0,0,1,0
1.0,1.0,1.0,-0.0,-0.0,1.0,0.0,0.0,1.0,0.0,-0.0,1.0,0.0,1.0,1.0,1.0,1.0,1.0,-0.0,-0.0,0.0,1.0,1.0,0,0,0,0,1
0.9609823226928712,0.9516124765730496,0.9219646453857422,0.21212366189758064,0.5253982106249627,0.9609823226928712,0.039017677307128906,0.039017677307128906,0.950649634534662,0.039017677307128906,0.7375210288000389,0.9219646453857422,0.3142855248161113,0.8813743591308594,0.9609823226928712,0.7906258427174179,0.7906259039668839,0.9609823226928712,0.5253973669024583,0.5264091867136921,0.00010917616169239988,0.9609823226928712,0.9609823226928712,0,0,0,0,1
0.7446937561035156,0.7287377126599107,0.4893875122070313,0.8166096205773229,0.5144150031663122,0.7446937561035156,0.2553062438964844,0.2553062438964844,0.6540962266534489,0.2553062438964844,1.01461727664141,0.4893875122070313,0.03778483064653715,0.9692764282226562,0.7446937561035156,0.7072077838529367,0.7380845875904924,0.7446937561035156,0.19800765606408705,0.8543944512238599,0.0002458436472764433,0.7446937561035156,0.7446937561035156,0,1,0,0,0
0.9591035842895508,0.9520879889688268,0.9182071685791016,0.22928006940330514,0.4200798979370339,0.9591035842895508,0.04089641571044922,0.04089641571044922,0.9509976434685068,0.04089641571044922,0.6480351815432934,0.9182071685791016,0.23081136345963785,0.9152336120605468,0.9591035842895508,0.8345031589924474,0.8345805917347207,0.9591035842895508,0.4187551121399884,0.46009143286294296,0.00011166441534508765,0.9591035842895508,0.9591035842895508,0,0,0,1,0
0.7133502960205078,0.6732101430929924,0.4267005920410156,0.5927542072642946,0.580907372867687,0.7133502960205078,0.2866497039794922,0.2866497039794922,0.6184251655879981,0.2866497039794922,1.1724377571323508,0.4267005920410156,0.024274180739569884,0.8617324829101562,0.7133502960205078,0.7511210857483093,0.7512280112005101,0.7133502960205078,0.5796835498680566,0.6170283880038645,0.00025495679301553597,0.7133502960205078,0.7133502960205078,1,0,0,0,0
0.9595060348510742,0.9585012846488854,0.9190120697021484,0.2445451125337819,0.12830640584268282,0.9595060348510742,0.04049396514892578,0.04049396514892578,0.9568243523400548,0.04049396514892578,0.3400184592152229,0.9190120697021484,0.049880343834902696,0.9877328872680664,0.9595060348510742,0.9371035105577904,0.9378890032608068,0.9595060348510742,0.09547334668144088,0.2944254563686846,0.00011113693712059758,0.9595060348510742,0.9595060348510742,0,0,1,0,0
0.7473564147949219,0.6623987140580773,0.4947128295898438,0.7679257456677439,0.8328208203618613,0.7473564147949219,0.2526435852050781,0.2526435852050781,0.5762746859148292,0.2526435852050781,1.401056383968592,0.4947128295898438,0.2040440397482016,0.8404922485351562,0.7473564147949219,0.5669011468708051,0.5962437853177107,0.7473564147949219,0.6331306383008481,0.9719697854159456,0.00024499512184879133,0.7473564147949219,0.7473564147949219,0,0,0,1,0
0.933856964111328,0.9317491936231956,0.8677139282226562,0.10681807895770527,0.4095750337113528,0.933856964111328,0.06614303588867188,0.06614303588867188,0.9281702735070874,0.06614303588867188,0.4563894976358548,0.8677139282226562,0.01686647817709261,0.9343252182006836,0.933856964111328,0.9196416578433856,0.92083095840826,0.933856964111328,0.3495714186781495,0.1236845571347979,0.0001401269467639722,0.933856964111328,0.933856964111328,0,1,0,0,0
0.8881492614746094,0.8867437872477929,0.7762985229492188,0.4986631334286071,0.18799764184086012,0.8881492614746094,0.11185073852539062,0.11185073852539062,0.8743317624568671,0.11185073852539062,0.5545366831542828,0.7762985229492188,0.0023554065403665336,0.993596076965332,0.8881492614746094,0.8846437583943043,0.8900478013547399,0.8881492614746094,0.055873549725675806,0.5010185399689735,0.00017770589037491578,0.8881492614746094,0.8881492614746094,0,1,0,0,0
0.7516021728515625,0.7283634065491529,0.503204345703125,0.7843157421821806,0.47346736188211797,0.7516021728515625,0.2483978271484375,0.2483978271484375,0.6708896878337701,0.2483978271484375,1.0722549911725858,0.503204345703125,0.003731154998936837,0.9496364593505859,0.7516021728515625,0.7375555051694391,0.7547555271466991,0.7516021728515625,0.2879392489904056,0.7880468971811174,0.0002436168513156902,0.7516021728515625,0.7516021728515625,0,0,1,0,0
0.9219121932983398,0.9173278542350166,0.8438243865966797,0.3890956590962271,0.2367898852934749,0.9219121932983398,0.07808780670166016,0.07808780670166016,0.9118198494586456,0.07808780670166016,0.5803053077738214,0.8438243865966797,0.055701057460704084,0.9706325531005859,0.9219121932983398,0.8835550101975969,0.8855485755270821,0.9219121932983398,0.1912096486775942,0.4447967165569312,0.00015127801172962332,0.9219121932983398,0.9219121932983398,0,1,0,0,0
0.946772575378418,0.9448804815057452,0.8935451507568359,0.2998927098352748,0.16925227270301724,0.946772575378418,0.05322742462158203,0.05322742462158203,0.9419490725961608,0.05322742462158203,0.4270282790205965,0.8935451507568359,0.06366936037479304,0.9825048446655272,0.946772575378418,0.9155637027906778,0.9169091175976972,0.946772575378418,0.12713556918532176,0.3635620702100678,0.0001265697661017941,0.946772575378418,0.946772575378418,0,1,0,0,0
0.8836545944213867,0.8701114814990819,0.7673091888427734,0.5078328140239816,0.3703900900273893,0.8836545944213867,0.11634540557861328,0.11634540557861328,0.8583560272600459,0.11634540557861328,0.8288709790358936,0.7673091888427734,0.07605462916867745,0.9416055679321288,0.8836545944213867,0.8180744693891029,0.8213932674157151,0.8836545944213867,0.32103816501191185,0.5838874431926591,0.00018078204918718969,0.8836545944213867,0.8836545944213867,0,0,0,1,0
0.9814825057983398,0.9805161066518596,0.9629650115966796,0.1165025731775486,0.1828169103367744,0.9814825057983398,0.01851749420166016,0.01851749420166016,0.9803142860698832,0.01851749420166016,0.2984339835621437,0.9629650115966796,0.09597939707426653,0.972454071044922,0.9814825057983398,0.9406377107879962,0.9406564713576699,0.9814825057983398,0.18193141038459512,0.21248197025181512,7.601018790957283e-05,0.9814825057983398,0.9814825057983398,0,0,0,0,1
0.9571552276611328,0.9545361230861864,0.9143104553222656,0.25509919277861764,0.2163880102837604,0.9571552276611328,0.04284477233886719,0.04284477233886719,0.9526337103654272,0.04284477233886719,0.44821592912069896,0.9143104553222656,0.11366757948321572,0.9702539443969728,0.9571552276611328,0.903700231689072,0.9045414506690576,0.9571552276611328,0.19311673634208126,0.36876677226183335,0.0001141772355184783,0.9571552276611328,0.9571552276611328,0,0,1,0,0
0.9905061721801758,0.9899724599940756,0.9810123443603516,0.041750827273633766,0.2171061416925749,0.9905061721801758,0.00949382781982422,0.00949382781982422,0.9898999286419808,0.00949382781982422,0.25769004676885016,0.9810123443603516,0.14022471285629245,0.9656124114990234,0.9905061721801758,0.9399529659167456,0.9399763113838162,0.9905061721801758,0.2159392194952164,0.1819755401299262,5.467498651579572e-05,0.9905061721801758,0.9905061721801758,0,0,0,0,1
0.9651041030883788,0.9642902534915818,0.9302082061767578,0.17030910885008002,0.12006270667669892,0.9651041030883788,0.034895896911621094,0.034895896911621094,0.9635912582823216,0.034895896911621094,0.28626454010135466,0.9302082061767578,0.008054266169802954,0.9844017028808594,0.9651041030883788,0.9583849572154576,0.9584483084368004,0.9651041030883788,0.11595543125127462,0.17836337501988295,0.00010346981667856921,0.9651041030883788,0.9651041030883788,0,1,0,0,0
0.9021492004394532,0.8910104292711362,0.8042984008789062,0.4618482772007116,0.36033754649743743,0.9021492004394532,0.09785079956054688,0.09785079956054688,0.8813703084857832,0.09785079956054688,0.7684876109706502,0.8042984008789062,0.1200890369698548,0.9451532363891602,0.9021492004394532,0.8212911619611987,0.8248424008488655,0.9021492004394532,0.3066393337699388,0.5819373141705664,0.000167517733973979,0.9021492004394532,0.9021492004394532,0,0,0,0,1
0.9192008972167968,0.905596976447235,0.8384017944335938,0.38042463195643295,0.4311319430519861,0.9192008972167968,0.08079910278320312,0.08079910278320312,0.9010021502004048,0.08079910278320312,0.8034731679752283,0.8384017944335938,0.1454195774378132,0.9139785766601562,0.9192008972167968,0.8156337132968474,0.8161702799279738,0.9192008972167968,0.4230485360187953,0.5258442093942461,0.00015365542738721385,0.9192008972167968,0.9192008972167968,0,0,1,0,0
0.9427413940429688,0.9397730410973136,0.8854827880859375,0.19023530631516292,0.276906430924962,0.9427413940429688,0.05725860595703125,0.05725860595703125,0.9379100629608098,0.05725860595703125,0.4638482021369564,0.8854827880859375,0.0242105287346566,0.952977180480957,0.9427413940429688,0.9221043899724464,0.9221881787525492,0.9427413940429688,0.27361289582179354,0.2144458350498196,0.00013099541329574262,0.9427413940429688,0.9427413940429688,0,0,1,0,0
0.9393472671508788,0.934462154925636,0.8786945343017578,0.2480639007480071,0.3033464039788745,0.9393472671508788,0.06065273284912109,0.06065273284912109,0.932412385830702,0.06065273284912109,0.5514080835852908,0.8786945343017578,0.056920281436402036,0.945953369140625,0.9393472671508788,0.8973941194708459,0.897394198546408,0.9393472671508788,0.30334418283728376,0.30498418218440915,0.00013457912211769526,0.9393472671508788,0.9393472671508788,0,0,1,0,0
0.9826393127441406,0.9809014422088864,0.9652786254882812,0.11094784456977942,0.28999577334745785,0.9826393127441406,0.017360687255859375,0.017360687255859375,0.9807294826574312,0.017360687255859375,0.4008194243110985,0.9652786254882812,0.19118610215554027,0.9491796493530272,0.9826393127441406,0.900889375809129,0.9008936785266995,0.9826393127441406,0.289871579741319,0.3021339467253197,7.364104459524428e-05,0.9826393127441406,0.9826393127441406,0,0,0,1,0
0.838287353515625,0.8327902468109352,0.67657470703125,0.6383187968001275,0.31071420174686204,0.838287353515625,0.161712646484375,0.161712646484375,0.8048999737095329,0.161712646484375,0.7616677906801833,0.67657470703125,0.024260497136204817,0.9831533432006836,0.838287353515625,0.8168122712941113,0.8288704494771082,0.838287353515625,0.12334899388005567,0.6625792939363323,0.00020759068667606918,0.838287353515625,0.838287353515625,0,1,0,0,0
0.9573650360107422,0.9532495392537615,0.9147300720214844,0.205120448941262,0.3116146812381849,0.9573650360107422,0.04263496398925781,0.04263496398925781,0.9522292481738226,0.04263496398925781,0.5166866594625341,0.9147300720214844,0.11415933885650048,0.9439487457275392,0.9573650360107422,0.8924891411297722,0.8924909564830159,0.9573650360107422,0.3115662105212719,0.3192797877977625,0.00011390981526093645,0.9573650360107422,0.9573650360107422,0,0,0,1,0
0.8651371002197266,0.8549621715317839,0.7302742004394531,0.5626747210590269,0.32565918916262704,0.8651371002197266,0.13486289978027344,0.13486289978027344,0.837942306296212,0.13486289978027344,0.7957255575497588,0.7302742004394531,0.03936086109124404,0.9619989395141602,0.8651371002197266,0.8262608439563337,0.8321906643122929,0.8651371002197266,0.23305083649073186,0.602035582150271,0.00019258751571952105,0.8651371002197266,0.8651371002197266,0,0,1,0,0
0.9209928512573242,0.9205085556637204,0.8419857025146484,0.3868814886621309,0.12527013506731485,0.9209928512573242,0.07900714874267578,0.07900714874267578,0.9145049680868484,0.07900714874267578,0.4179762953803128,0.8419857025146484,0.0003640941971956857,0.9968042373657228,0.9209928512573242,0.9214774016472802,0.924113916033548,0.9209928512573242,0.031094806718181905,0.3872455828593265,0.00015209002809140032,0.9209928512573242,0.9209928512573242,1,0,0,0,0
0.9639673233032228,0.9615529705375022,0.9279346466064452,0.18930044549890315,0.2328450672752691,0.9639673233032228,0.036032676696777344,0.036032676696777344,0.9608055057826556,0.036032676696777344,0.4207751578603244,0.9279346466064452,0.08226790575158963,0.962336540222168,0.9639673233032228,0.9192905504714872,0.9193300593947242,0.9639673233032228,0.23147471236142114,0.2715683512504928,0.00010507970253418324,0.9639673233032228,0.9639673233032228,0,0,0,1,0
0.9740390777587892,0.972722654294858,0.948078155517578,0.06497186583850396,0.28796952155351424,0.9740390777587892,0.025960922241210938,0.025960922241210938,0.9720915760174732,0.025960922241210938,0.3408201820140037,0.948078155517578,0.10297074425518586,0.9524612426757812,0.9740390777587892,0.929961071931757,0.930218139779754,0.9740390777587892,0.2758483161754997,0.16794261009368985,8.965771464315124e-05,0.9740390777587892,0.9740390777587892,0,0,0,1,0
1.0,1.0,1.0,-0.0,-0.0,1.0,0.0,0.0,1.0,0.0,-0.0,1.0,0.0,1.0,1.0,1.0,1.0,1.0,-0.0,-0.0,0.0,1.0,1.0,0,0,0,0,1
1.0,1.0,1.0,-0.0,-0.0,1.0,0.0,0.0,1.0,0.0,-0.0,1.0,0.0,1.0,1.0,1.0,1.0,1.0,-0.0,-0.0,0.0,1.0,1.0,0,0,0,0,1
0.9948034286499025,0.9947764965512134,0.9896068572998048,0.04592675619701493,0.02891381670302522,0.9948034286499025,0.005196571350097656,0.005196571350097656,0.9947522879782896,0.005196571350097656,0.07202191135587667,0.9896068572998048,0.015605156185209156,0.9973974227905272,0.9948034286499025,0.9902441471713246,0.9902546726266336,0.9948034286499025,0.026095155158861717,0.06153191238222409,4.053839032864884e-05,0.9948034286499025,0.9948034286499025,0,0,0,0,1
0.8096303939819336,0.7861699381727615,0.6192607879638672,0.6835910295349045,0.5081871238887286,0.8096303939819336,0.1903696060180664,0.1903696060180664,0.7423683805504698,0.1903696060180664,1.0077884779079596,0.6192607879638672,0.12697892845801395,0.9408159255981444,0.8096303939819336,0.7208014523566817,0.7389217458044186,0.8096303939819336,0.3241974483730551,0.8105699579929184,0.00022135106877996943,0.8096303939819336,0.8096303939819336,0,0,0,1,0
0.8564395904541016,0.8150358886556129,0.7128791809082031,0.5615422181422439,0.6500794529204834,0.8564395904541016,0.14356040954589844,0.14356040954589844,0.7873282353866675,0.14356040954589844,1.1254936309583017,0.7128791809082031,0.2883292656342299,0.8676118850708008,0.8564395904541016,0.6647279705412075,0.6750327661357005,0.8564395904541016,0.5639514128160579,0.8498714837764738,0.00019769929830268102,0.8564395904541016,0.8564395904541016,0,0,0,1,0
0.7949390411376953,0.7522054518072758,0.5898780822753906,0.6816309874772015,0.5582768350767338,0.7949390411376953,0.2050609588623047,0.2050609588623047,0.7201871229096822,0.2050609588623047,1.2067192336958263,0.5898780822753906,0.038410172037239065,0.8814811706542969,0.7949390411376953,0.7296070064767264,0.732850328386121,0.7949390411376953,0.5250882462186245,0.7200411595144406,0.00022763960388024176,0.7949390411376953,0.7949390411376953,0,0,0,0,1
0.9194841384887696,0.9146562190090218,0.8389682769775391,0.4028568128449659,0.2541238834838049,0.9194841384887696,0.08051586151123047,0.08051586151123047,0.9076676668357024,0.08051586151123047,0.5933199164377739,0.8389682769775391,0.09160603686066147,0.9707803726196288,0.9194841384887696,0.8689034310227726,0.8720223864370382,0.9194841384887696,0.19046310359280808,0.4944628497056274,0.00015340950161414618,0.9194841384887696,0.9194841384887696,0,0,1,0,0
0.9971437454223632,0.9971299565140208,0.9942874908447266,0.005236719179605683,0.04924829920533589,0.9971437454223632,0.002856254577636719,0.002856254577636719,0.9971217472888848,0.002856254577636719,0.05265968150210487,0.9942874908447266,0.019178005735698708,0.9947357177734376,0.9971437454223632,0.9923530431988185,0.9923571222939244,0.9971437454223632,0.04742296232249919,0.02441472491530439,3.008962376709575e-05,0.9971437454223632,0.9971437454223632,0,0,0,0,1
0.9775390625,0.9771172828396992,0.955078125,0.0752265555477877,0.14520553373577158,0.9775390625,0.0224609375,0.0224609375,0.9768204968008508,0.0224609375,0.21666966829209106,0.955078125,0.015325891686073012,0.979999542236328,0.9775390625,0.9689637861592928,0.968999952545346,0.9775390625,0.1414431127443034,0.09055244723386073,8.354499091092201e-05,0.9775390625,0.9775390625,0,0,1,0,0
0.9930257797241212,0.9929665726537612,0.9860515594482422,0.051607314265141854,0.044109017610519684,0.9930257797241212,0.006974220275878906,0.006974220275878906,0.9929357954306084,0.006974220275878906,0.09442785353091857,0.9860515594482422,0.01670886981648524,0.9953374862670898,0.9930257797241212,0.9872558272218156,0.9872619354905507,0.9930257797241212,0.042820539265776655,0.0683161840816271,4.692102682595519e-05,0.9930257797241212,0.9930257797241212,0,0,1,0,0
0.926518440246582,0.9228945405336222,0.8530368804931641,0.37609328339210496,0.2255946215632832,0.926518440246582,0.07348155975341797,0.07348155975341797,0.9170330370157088,0.07348155975341797,0.5401223696563028,0.8530368804931641,0.08527853864052326,0.975872039794922,0.926518440246582,0.8829727570628165,0.8856725268747141,0.926518440246582,0.1640290862641977,0.4613718220326283,0.00014711455174644758,0.926518440246582,0.926518440246582,0,0,0,1,0
0.961695671081543,0.9597826415058228,0.9233913421630859,0.09936828608921866,0.3129818619199801,0.961695671081543,0.03830432891845703,0.03830432891845703,0.9586078480788311,0.03830432891845703,0.3957769645343773,0.9233913421630859,0.07052898646436279,0.9476232528686525,0.961695671081543,0.9250324034292134,0.9254007617532808,0.961695671081543,0.2964086784451585,0.16989727255358145,0.00010821368232508531,0.961695671081543,0.961695671081543,0,1,0,0,0
0.9500226974487304,0.9500226974487304,0.9000453948974609,-0.0,-0.0,0.9500226974487304,0.04997730255126953,0.04997730255126953,0.9474626336959079,0.04997730255126953,0.28630053217431634,0.9000453948974609,0.0,0.9500226974487304,0.9500226974487304,0.9500226974487304,0.9512715628338808,0.9500226974487304,0.28630053217431634,-0.0,0.0001228549933342509,0.9500226974487304,0.9500226974487304,1,0,0,0,0
0.9925765991210938,0.9924167031855344,0.9851531982421876,0.04616142441280793,0.09710570415408606,0.9925765991210938,0.00742340087890625,0.00742340087890625,0.9923884512114559,0.00742340087890625,0.143267107328713,0.9851531982421876,0.050824059118272286,0.9874744415283204,0.9925765991210938,0.9752812579608872,0.9752812581427859,0.9925765991210938,0.09710568291590503,0.09698548353108022,4.839749560292852e-05,0.9925765991210938,0.9925765991210938,0,0,1,0,0
0.9155950546264648,0.8960172067350554,0.8311901092529297,0.4076820499130407,0.5153805236082558,0.9155950546264648,0.08440494537353516,0.08440494537353516,0.890327126272108,0.08440494537353516,0.9120824629019696,0.8311901092529297,0.2125617048080446,0.8885078430175781,0.9155950546264648,0.7686945579262101,0.7696063985972614,0.9155950546264648,0.5044004129889287,0.6202437547210853,0.0001567382818280537,0.9155950546264648,0.9155950546264648,0,0,1,0,0
0.9840688705444336,0.9836891247760724,0.9681377410888672,0.0768953271377556,0.12311388983944213,0.9840688705444336,0.015931129455566406,0.015931129455566406,0.9835563370629234,0.015931129455566406,0.19984126856977955,0.9681377410888672,0.0348163027968912,0.9832220077514648,0.9840688705444336,0.9688291647471488,0.9688309421403574,0.9840688705444336,0.122945941432024,0.1117116299346468,7.059524442650722e-05,0.9840688705444336,0.9840688705444336,0,0,0,1,0
0.9980735778808594,0.9980735778808594,0.9961471557617188,0.020152619552118826,0.002781920075288512,0.9980735778808594,0.001926422119140625,0.001926422119140625,0.9980698632041104,0.001926422119140625,0.020152619552118826,0.9961471557617188,0.0,1.0,0.9980735778808594,0.9980735778808594,0.9980754334319499,0.9980735778808594,-0.0,0.020152619552118826,2.472272985699345e-05,0.9980735778808594,0.9980735778808594,0,0,0,1,0
0.9543581008911132,0.9533182131494092,0.9087162017822266,0.1533291567703878,0.15991918884761647,0.9543581008911132,0.04564189910888672,0.04564189910888672,0.9522274295528088,0.04564189910888672,0.3132112204793161,0.9087162017822266,0.0007685459432551223,0.9766454696655272,0.9543581008911132,0.9553991229513484,0.9553996923682462,0.9543581008911132,0.1598820637089284,0.15409770271364293,0.00011767303408497627,0.9543581008911132,0.9543581008911132,1,0,0,0,0
0.8704185485839844,0.8343151656497038,0.7408370971679688,0.3951773848452046,0.7457809136200477,0.8704185485839844,0.12958145141601562,0.12958145141601562,0.8202166417903745,0.12958145141601562,1.1176940781318951,0.7408370971679688,0.17642920845331178,0.7997055053710938,0.8704185485839844,0.7186476874339859,0.7207644395257375,0.8704185485839844,0.7225166932866904,0.5716065932985164,0.0001893541835048892,0.8704185485839844,0.8704185485839844,0,0,1,0,0
0.870518684387207,0.850734281040234,0.7410373687744141,0.4366112741288152,0.4862128672645647,0.870518684387207,0.12948131561279294,0.12948131561279294,0.8404017859003227,0.12948131561279294,0.9228241155179612,0.7410373687744141,0.04942214789173055,0.8944931030273438,0.870518684387207,0.8112955152610084,0.8112955169531233,0.870518684387207,0.486212841389146,0.4860334220205457,0.00018929189381411066,0.870518684387207,0.870518684387207,0,0,0,1,0
0.7678747177124023,0.7558386723740528,0.5357494354248047,0.7812465632225966,0.4431038638611027,0.7678747177124023,0.2321252822875977,0.2321252822875977,0.6976280381624557,0.2321252822875977,0.9541657256491788,0.5357494354248047,0.017936373997512134,0.9741907119750975,0.7678747177124023,0.7442025005620962,0.7676812389513543,0.7678747177124023,0.1729191624265821,0.7991829372201087,0.00023803774246076387,0.7678747177124023,0.7678747177124023,0,1,0,0,0
0.9410905838012696,0.9300274357622448,0.8821811676025391,0.3172128132975994,0.44365431625253055,0.9410905838012696,0.058909416198730476,0.058909416198730476,0.927197960474123,0.058909416198730476,0.7522171526963317,0.8821811676025391,0.22378932420745634,0.9104385375976562,0.9410905838012696,0.8085765243595233,0.8091726081079287,0.9410905838012696,0.4350043393987322,0.5410021375050558,0.0001327539614236089,0.9410905838012696,0.9410905838012696,0,0,0,0,1
0.8949918746948242,0.8764316869776327,0.7899837493896484,0.3106388619692575,0.6094528037155048,0.8949918746948242,0.10500812530517578,0.10500812530517578,0.8680014908781608,0.10500812530517578,0.8992872375190657,0.7899837493896484,0.12419954322756464,0.8583097457885742,0.8949918746948242,0.7941637940602959,0.7955250858799445,0.8949918746948242,0.5886483755498082,0.43483840519682215,0.00017284643034425472,0.8949918746948242,0.8949918746948242,0,1,0,0,0
0.973414421081543,0.9695529388066904,0.9468288421630859,0.17601815710688082,0.3644703126178663,0.973414421081543,0.02658557891845703,0.02658557891845703,0.9689208078350834,0.02658557891845703,0.5367624873246188,0.9468288421630859,0.2546705375773369,0.931382179260254,0.973414421081543,0.8552208708933904,0.855414091118746,0.973414421081543,0.3607443302177379,0.4306886946842178,9.070085163892077e-05,0.973414421081543,0.973414421081543,0,0,0,0,1
0.8508586883544922,0.8416684693182301,0.7017173767089844,0.5811613220247523,0.307480735815839,0.8508586883544922,0.1491413116455078,0.1491413116455078,0.8223982998725428,0.1491413116455078,0.7904328798054271,0.7017173767089844,0.01002665914091605,0.9669895172119141,0.8508586883544922,0.8337390293600038,0.8397515988781379,0.8508586883544922,0.20927155778067488,0.5911879811656684,0.00020084781621376615,0.8508586883544922,0.8508586883544922,0,0,1,0,0
0.9395275115966796,0.9386733725670184,0.8790550231933594,0.046865262620633764,0.461618742379618,0.9395275115966796,0.06047248840332031,0.06047248840332031,0.9351201586677096,0.06047248840332031,0.3873291157724669,0.8790550231933594,0.01398773678535905,0.9366855621337892,0.9395275115966796,0.930488699756097,0.932068993412031,0.9395275115966796,0.34046385315183314,0.060852999405992814,0.00013439189780942,0.9395275115966796,0.9395275115966796,0,1,0,0,0
0.989253044128418,0.9888361963716752,0.9785060882568359,0.08241839665238103,0.13919220986283326,0.989253044128418,0.010746955871582031,0.010746955871582031,0.9887479427870424,0.010746955871582031,0.2199616486638961,0.9785060882568359,0.09481251773734913,0.9806909561157228,0.989253044128418,0.955083468619705,0.9551103116687044,0.989253044128418,0.13754325201151504,0.17723091438973015,5.8134754992329075e-05,0.989253044128418,0.989253044128418,0,0,0,0,1
0.9150733947753906,0.8960548056411926,0.8301467895507812,0.4053365254879337,0.5180872234273595,0.9150733947753906,0.08492660522460938,0.08492660522460938,0.8869530879915255,0.08492660522460938,0.8840820068530453,0.8301467895507812,0.29198807029753154,0.8969001770019531,0.9150733947753906,0.7476447317167185,0.7512509958542068,0.9150733947753906,0.4787454813651115,0.6973245957854652,0.00015717709673070872,0.9150733947753906,0.9150733947753906,0,0,0,0,1
0.9497404098510742,0.9471717527237404,0.8994808197021484,0.08577031571757818,0.4126255504025568,0.9497404098510742,0.05025959014892578,0.05025959014892578,0.9446718554845842,0.05025959014892578,0.4561046241728879,0.8994808197021484,0.08317582487743866,0.928813934326172,0.9497404098510742,0.9073269446016641,0.9083910293597908,0.9497404098510742,0.3703343084553096,0.16894614059501686,0.00012318316142509458,0.9497404098510742,0.9497404098510742,0,0,1,0,0
0.7666187286376953,0.6741448366864753,0.5332374572753906,0.7026735470355857,0.8753150794327617,0.7666187286376953,0.2333812713623047,0.2333812713623047,0.5950313697814863,0.2333812713623047,1.3999337311538371,0.5332374572753906,0.2794160368811527,0.8120040893554688,0.7666187286376953,0.5490612814610358,0.5762946903723787,0.7666187286376953,0.6972601841182516,0.9820895839167384,0.0002384855824954581,0.7666187286376953,0.7666187286376953,0,0,0,0,1
0.989060401916504,0.9889129395215605,0.9781208038330078,0.02291265290367619,0.12847417951087173,0.989060401916504,0.010939598083496094,0.010939598083496094,0.9888035955458958,0.010939598083496094,0.1440903695886632,0.9781208038330078,0.035308915997977794,0.9835224151611328,0.989060401916504,0.9770159709187284,0.9770634964411328,0.989060401916504,0.121177716684987,0.058221568901653975,5.8647770446443835e-05,0.989060401916504,0.989060401916504,0,0,0,1,0
0.9518260955810548,0.9508382963498974,0.9036521911621094,0.21018297453635174,0.12094538162909332,0.9518260955810548,0.04817390441894531,0.04817390441894531,0.949449539383533,0.04817390441894531,0.3214906631266372,0.9036521911621094,0.0007309769226366283,0.9851741790771484,0.9518260955810548,0.9528149210091216,0.9529864581145376,0.9518260955810548,0.1113076885902855,0.2109139514589884,0.00012073248592591299,0.9518260955810548,0.9518260955810548,1,0,0,0,0
0.9967927932739258,0.9967927932739258,0.9935855865478516,0.031189591467453988,0.004634457048675185,0.9967927932739258,0.003207206726074219,0.003207206726074219,0.9967824906040824,0.003207206726074219,0.031189591467453988,0.9935855865478516,0.0,1.0,0.9967927932739258,0.9967927932739258,0.9967979363614176,0.9967927932739258,-0.0,0.031189591467453988,3.187904756610664e-05,0.9967927932739258,0.9967927932739258,1,0,0,0,0
0.906386375427246,0.8820973923710962,0.8127727508544922,0.4454422281110056,0.5600442267643103,0.906386375427246,0.0936136245727539,0.0936136245727539,0.8719966079081466,0.0936136245727539,0.9708395950134636,0.8127727508544922,0.27882533173112817,0.8813743591308594,0.906386375427246,0.7279300419104402,0.7313370610177117,0.906386375427246,0.5253973669024583,0.7242675598421338,0.00016423496820024272,0.906386375427246,0.906386375427246,0,0,0,0,1
0.9335756301879884,0.9300776862797274,0.8671512603759766,0.3078828065391992,0.21222183548050427,0.9335756301879884,0.06642436981201172,0.06642436981201172,0.927182295434452,0.06642436981201172,0.5058904626032862,0.8671512603759766,0.024743546088387025,0.9692764282226562,0.9335756301879884,0.9117330316657901,0.9122008199560696,0.9335756301879884,0.19800765606408705,0.3326263526275862,0.00014040348595628968,0.9335756301879884,0.9335756301879884,0,0,0,1,0
0.9670419692993164,0.9617197516508621,0.9340839385986328,0.17497380196771314,0.4188032700678609,0.9670419692993164,0.032958030700683594,0.032958030700683594,0.9610754190207028,0.032958030700683594,0.5937289141077017,0.9340839385986328,0.2359850292794757,0.9152336120605468,0.9670419692993164,0.8467125579554704,0.8467151057634509,0.9670419692993164,0.4187551121399884,0.4109588312471889,0.00010065670376914523,0.9670419692993164,0.9670419692993164,0,0,1,0,0
0.8617324829101562,0.8617324829101562,0.7234649658203125,-0.0,-0.0,0.8617324829101562,0.13826751708984375,0.13826751708984375,0.8413073842244094,0.13826751708984375,0.5796835498680566,0.7234649658203125,0.0,0.8617324829101562,0.8617324829101562,0.8617324829101562,0.8712914360512514,0.8617324829101562,0.5796835498680566,-0.0,0.00019461922107631932,0.8617324829101562,0.8617324829101562,0,0,0,0,1
0.8702249526977539,0.8673515059719848,0.7404499053955078,0.5199279299163382,0.21602767365152808,0.8702249526977539,0.1297750473022461,0.1297750473022461,0.8523010557514946,0.1297750473022461,0.6154012765977791,0.7404499053955078,0.002226891089922356,0.9877328872680664,0.8702249526977539,0.8731079188582953,0.8786457341489041,0.8702249526977539,0.09547334668144088,0.5221548210062605,0.0001894745044717928,0.8702249526977539,0.8702249526977539,1,0,0,0,0
0.6133079528808594,0.4933692349282832,0.22661590576171875,0.8560547555994716,1.0849043152638294,0.6133079528808594,0.3866920471191406,0.3866920471191406,0.2903992762880064,0.3866920471191406,1.48918539390032,0.22661590576171875,0.13916460627393254,0.8404922485351562,0.6133079528808594,0.4722962983360048,0.5449431408360397,0.6133079528808594,0.6331306383008481,0.9952193618734042,0.0002745752162325653,0.6133079528808594,0.6133079528808594,0,0,0,0,1
0.8932819366455078,0.8844839667320121,0.7865638732910156,0.3504836179404588,0.3496881909385581,0.8932819366455078,0.1067180633544922,0.1067180633544922,0.8779672430058879,0.1067180633544922,0.7000550366186084,0.7865638732910156,0.011221669046041216,0.9343252182006836,0.8932819366455078,0.8744983044944092,0.8745034200910595,0.8932819366455078,0.3495714186781495,0.3617052869865,0.00017408151583975237,0.8932819366455078,0.8932819366455078,0,0,0,1,0
0.9971332550048828,0.997096349797358,0.9942665100097656,0.028070273650124385,0.056466836302111724,0.9971332550048828,0.0028667449951171875,0.0028667449951171875,0.9970888451576188,0.0028667449951171875,0.08394382337580011,0.9942665100097656,0.04580984841268183,0.993596076965332,0.9971332550048828,0.9847416475222416,0.9847449381195474,0.9971332550048828,0.055873549725675806,0.07388012206280621,3.0144670958783282e-05,0.9971332550048828,0.9971332550048828,0,0,0,0,1
0.9522609710693359,0.9518294156966652,0.904521942138672,0.02942062001661502,0.3985053426583859,0.9522609710693359,0.04773902893066406,0.04773902893066406,0.9495690777461192,0.04773902893066406,0.3173598690070206,0.904521942138672,0.01229720762053441,0.9496364593505859,0.9522609710693359,0.9455713714269224,0.9466221674538248,0.9522609710693359,0.2879392489904056,0.04171782763714943,0.0001202137649085897,0.9522609710693359,0.9522609710693359,0,1,0,0,0
0.9720134735107422,0.9708930710129576,0.9440269470214844,0.1193064603016536,0.1919024739578935,0.9720134735107422,0.02798652648925781,0.02798652648925781,0.9704673403913991,0.02798652648925781,0.3105161089792478,0.9440269470214844,0.0463487865419984,0.9706325531005859,0.9720134735107422,0.9476344947615872,0.9476466684736806,0.9720134735107422,0.1912096486775942,0.165655246843652,9.299295716010673e-05,0.9720134735107422,0.9720134735107422,0,0,0,0,1
0.9850282669067384,0.98450182147876,0.9700565338134766,0.10931191982734996,0.1310484788763077,0.9850282669067384,0.014971733093261719,0.014971733093261719,0.9843167168790872,0.014971733093261719,0.2364474890126717,0.9700565338134766,0.07980459837228683,0.9825048446655272,0.9850282669067384,0.954564386207494,0.954630033637386,0.9850282669067384,0.12713556918532176,0.1891165181996368,6.846991690425718e-05,0.9850282669067384,0.9850282669067384,0,1,0,0,0
0.9209871292114258,0.911338148952457,0.8419742584228516,0.3986455376359261,0.3584890277200626,0.9209871292114258,0.07901287078857422,0.07901287078857422,0.904994309911594,0.07901287078857422,0.7196837026478379,0.8419742584228516,0.15093912153234934,0.9416055679321288,0.9209871292114258,0.8293005874947994,0.8316646162461439,0.9209871292114258,0.32103816501191185,0.5495846591682755,0.00015209506302804642,0.9209871292114258,0.9209871292114258,0,0,0,1,0
0.981243133544922,0.9806396458643548,0.9624862670898438,0.06446034083448703,0.18627788316679966,0.981243133544922,0.018756866455078125,0.018756866455078125,0.9803952734929182,0.018756866455078125,0.2463917512190822,0.9624862670898438,0.05790829441158023,0.972454071044922,0.981243133544922,0.9566932264278876,0.9567522632005421,0.981243133544922,0.18193141038459512,0.12236863524606725,7.649056599580297e-05,0.981243133544922,0.981243133544922,0,0,0,0,1
0.9876317977905272,0.9869289935766421,0.9752635955810548,0.08154408876385393,0.1932340083601862,0.9876317977905272,0.012368202209472656,0.012368202209472656,0.9868450617249328,0.012368202209472656,0.27466082510593515,0.9752635955810548,0.1226002666585408,0.9702539443969728,0.9876317977905272,0.9401921630851576,0.9401946212788062,0.9876317977905272,0.19311673634208126,0.2041443554223948,6.231466096513526e-05,0.9876317977905272,0.9876317977905272,0,0,0,0,1
0.9884490966796876,0.9877180371072976,0.976898193359375,0.06954525296729548,0.215987406645244,0.9884490966796876,0.0115509033203125,0.0115509033203125,0.987645545213792,0.0115509033203125,0.2854844724625119,0.976898193359375,0.13928002415518054,0.9656124114990234,0.9884490966796876,0.9349574866864714,0.9349585651652887,0.9884490966796876,0.2159392194952164,0.20882527712247606,6.024549053405304e-05,0.9884490966796876,0.9884490966796876,0,0,0,0,1
0.7478618621826172,0.7399339452706909,0.4957237243652344,0.8141218090456434,0.46280676011304,0.7478618621826172,0.2521381378173828,0.2521381378173828,0.6684413228714076,0.2521381378173828,0.930077240296918,0.4957237243652344,0.01659648767967503,0.9844017028808594,0.7478618621826172,0.729945937753655,0.7604630951027502,0.7478618621826172,0.11595543125127462,0.8307182967253184,0.00024483267622165425,0.7478618621826172,0.7478618621826172,1,0,0,0,0
0.9161100387573242,0.9092447719573143,0.8322200775146484,0.32745456957777425,0.3087325791877491,0.9161100387573242,0.08388996124267578,0.08388996124267578,0.9051788992415668,0.08388996124267578,0.634093903347713,0.8322200775146484,0.03087730383580712,0.9451532363891602,0.9161100387573242,0.8846320673183072,0.8847182807589888,0.9161100387573242,0.3066393337699388,0.35833187341358136,0.0001563033311953196,0.9161100387573242,0.9161100387573242,0,0,1,0,0
0.9738788604736328,0.9700396407843386,0.9477577209472656,0.11387475212844568,0.4257554285994942,0.9738788604736328,0.026121139526367188,0.026121139526367188,0.9694936166361168,0.026121139526367188,0.536923288147241,0.9477577209472656,0.2515991744062361,0.9139785766601562,0.9738788604736328,0.8561213183857035,0.8562515987159713,0.9738788604736328,0.4230485360187953,0.3654739265346818,8.992655264278098e-05,0.9738788604736328,0.9738788604736328,0,0,0,1,0
0.952977180480957,0.952977180480957,0.9059543609619141,-0.0,-0.0,0.952977180480957,0.04702281951904297,0.04702281951904297,0.9507141080179532,0.04702281951904297,0.27361289582179354,0.9059543609619141,0.0,0.952977180480957,0.952977180480957,0.952977180480957,0.9540827532587172,0.952977180480957,0.27361289582179354,-0.0,0.00011935345621888802,0.952977180480957,0.952977180480957,1,0,0,0,0
0.9694395065307616,0.9674657681273926,0.9388790130615234,0.09309196944022556,0.31283325828051195,0.9694395065307616,0.03056049346923828,0.03056049346923828,0.9666992698284596,0.03056049346923828,0.3964361522775093,0.9388790130615234,0.11092566971645487,0.945953369140625,0.9694395065307616,0.9174680092255584,0.9177124138664112,0.9694395065307616,0.30334418283728376,0.2040176391566804,9.704651726603493e-05,0.9694395065307616,0.9694395065307616,0,0,1,0,0
0.9888095855712892,0.9876158952731792,0.977619171142578,0.08856397714202947,0.2912807420495691,0.9888095855712892,0.011190414428710938,0.011190414428710938,0.987487353277899,0.011190414428710938,0.3784355568833485,0.977619171142578,0.24329606887070496,0.9491796493530272,0.9888095855712892,0.8942753261017059,0.8943283285498183,0.9888095855712892,0.289871579741319,0.33186004601273444,5.930875878716228e-05,0.9888095855712892,0.9888095855712892,0,0,0,1,0
0.994098663330078,0.9939098453435096,0.9881973266601562,0.0426808527515663,0.12337738808923444,0.994098663330078,0.005901336669921875,0.005901336669921875,0.993891475093428,0.005901336669921875,0.16602984663162204,0.9881973266601562,0.08545108306608892,0.9831533432006836,0.994098663330078,0.9660817800850054,0.9660821164161462,0.994098663330078,0.12334899388005567,0.12813193581765522,4.318464529547946e-05,0.994098663330078,0.994098663330078,0,0,0,0,1
0.958338737487793,0.9540992505769028,0.9166774749755859,0.2124278002899085,0.31213385338434396,0.958338737487793,0.04166126251220703,0.04166126251220703,0.953098248133933,0.04166126251220703,0.5239940108111805,0.9166774749755859,0.12578932233742532,0.9439487457275392,0.958338737487793,0.8882443080183293,0.8882666607246392,0.958338737487793,0.3115662105212719,0.3382171226273339,0.00011265880780127434,0.958338737487793,0.958338737487793,0,0,0,0,1
0.9619989395141602,0.9619989395141602,0.9239978790283204,-0.0,-0.0,0.9619989395141602,0.03800106048583984,0.03800106048583984,0.9605274411977456,0.03800106048583984,0.23305083649073186,0.9239978790283204,0.0,0.9619989395141602,0.9619989395141602,0.9619989395141602,0.9627209798131844,0.9619989395141602,0.23305083649073186,-0.0,0.00010780144217397476,0.9619989395141602,0.9619989395141602,1,0,0,0,0
0.9881210327148438,0.9880448683173396,0.9762420654296876,0.09295165069002877,0.04118367091780109,0.9881210327148438,0.01187896728515625,0.01187896728515625,0.9879020158041641,0.01187896728515625,0.12404645740821064,0.9762420654296876,0.01985993840216456,0.9968042373657228,0.9881210327148438,0.9818258579634858,0.9818964128953668,0.9881210327148438,0.031094806718181905,0.11281158909219333,6.108489489342508e-05,0.9881210327148438,0.9881210327148438,0,0,1,0,0
0.8295984268188477,0.8163965560628927,0.6591968536376953,0.6523105500782341,0.4065673362783705,0.8295984268188477,0.17040157318115234,0.17040157318115234,0.7831447805535556,0.17040157318115234,0.8837852624396552,0.6591968536376953,0.08206737305297651,0.962336540222168,0.8295984268188477,0.7715634579362813,0.7857849749530033,0.8295984268188477,0.23147471236142114,0.7343779231312106,0.00021198746226572287,0.8295984268188477,0.8295984268188477,0,0,0,0,1
0.9797954559326172,0.978452871921563,0.9595909118652344,0.07115979690144941,0.2803693318690521,0.9797954559326172,0.02020454406738281,0.02020454406738281,0.9781127084375792,0.02020454406738281,0.3470081130769491,0.9595909118652344,0.13586721547722952,0.9524612426757812,0.9797954559326172,0.9230052811908536,0.923117600446858,0.9797954559326172,0.2758483161754997,0.20702701237867893,7.93289404697607e-05,0.9797954559326172,0.9797954559326172,0,0,0,1,0
0.8512039184570312,0.8512039184570312,0.7024078369140625,0.6068192799482076,0.23242330268839725,0.8512039184570312,0.14879608154296875,0.14879608154296875,0.8274375987408821,0.14879608154296875,0.6068192799482076,0.7024078369140625,0.0,1.0,0.8512039184570312,0.8512039184570312,0.8622740553983022,0.8512039184570312,-0.0,0.6068192799482076,0.00020065591675755048,0.8512039184570312,0.8512039184570312,1,0,0,0,0
0.989665985107422,0.989665985107422,0.9793319702148438,0.08299939878887061,0.01498640094574346,0.989665985107422,0.010334014892578123,0.010334014892578123,0.989558641479036,0.010334014892578123,0.08299939878887061,0.9793319702148438,0.0,1.0,0.989665985107422,0.989665985107422,0.989719381039322,0.989665985107422,-0.0,0.08299939878887061,5.7018827097442735e-05,0.989665985107422,0.989665985107422,1,0,0,0,0
0.9649381637573242,0.9647552039549409,0.9298763275146484,0.21903934893590613,0.06755575624585815,0.9649381637573242,0.03506183624267578,0.03506183624267578,0.9634979279501028,0.03506183624267578,0.2451345040947679,0.9298763275146484,0.012439822124829024,0.9973974227905272,0.9649381637573242,0.9599290584264965,0.9605437246068504,0.9649381637573242,0.026095155158861717,0.2314791710607352,0.00010370662147286324,0.9649381637573242,0.9649381637573242,0,0,1,0,0
0.9500494003295898,0.94558015674016,0.9000988006591797,0.20766858374977576,0.3248227846486862,0.9500494003295898,0.04995059967041016,0.04995059967041016,0.9441619020163248,0.04995059967041016,0.5318660321228308,0.9000988006591797,0.08921397963229011,0.9408159255981444,0.9500494003295898,0.8945388630963862,0.8945612668435388,0.9500494003295898,0.3241974483730551,0.2968825633820659,0.00012282389433515575,0.9500494003295898,0.9500494003295898,0,0,1,0,0
0.9125986099243164,0.8872915291209906,0.8251972198486328,0.4277021876275904,0.5839301205850066,0.9125986099243164,0.0874013900756836,0.0874013900756836,0.8796095868648263,0.0874013900756836,0.9916536004436484,0.8251972198486328,0.28478242454975283,0.8676118850708008,0.9125986099243164,0.7240022738405969,0.7259829732252001,0.9125986099243164,0.5639514128160579,0.7124846121773433,0.00015923498357414714,0.9125986099243164,0.9125986099243164,0,1,0,0,0
0.8700828552246094,0.8373169222954029,0.7401657104492188,0.556633915122664,0.5676987760004555,0.8700828552246094,0.12991714477539062,0.12991714477539062,0.8206897328146845,0.12991714477539062,1.0817221613412884,0.7401657104492188,0.18742041433914933,0.8814811706542969,0.8700828552246094,0.7202294709859416,0.7245382365144906,0.8700828552246094,0.5250882462186245,0.7440543294618134,0.00018956273027928715,0.8700828552246094,0.8700828552246094,0,1,0,0,0
0.9501228332519532,0.9488935989235844,0.9002456665039062,0.14703169224823606,0.19254801833193014,0.9501228332519532,0.04987716674804688,0.04987716674804688,0.9475523661694144,0.04987716674804688,0.3374947958410441,0.9002456665039062,0.00028803833818261126,0.9707803726196288,0.9501228332519532,0.9509565004609613,0.9509898370088194,0.9501228332519532,0.19046310359280808,0.14731973058641865,0.000122738321935221,0.9501228332519532,0.9501228332519532,1,0,0,0,0
0.9988002777099608,0.9987876772339764,0.997600555419922,0.012519931421948773,0.04749583933270517,0.9988002777099608,0.0011997222900390625,0.0011997222900390625,0.9987866568789564,0.0011997222900390625,0.05994289374444789,0.997600555419922,0.04058169230513072,0.9947357177734376,0.9988002777099608,0.9887738413526675,0.9887741309375996,0.9988002777099608,0.04742296232249919,0.05310162372707949,1.9517271661862523e-05,0.9988002777099608,0.9988002777099608,0,0,0,0,1
0.9718399047851562,0.9707629571758232,0.9436798095703124,0.1711456373157602,0.14811192139938098,0.9718399047851562,0.02816009521484375,0.02816009521484375,0.9702030959353604,0.02816009521484375,0.3125887500600636,0.9436798095703124,0.0550018200305431,0.979999542236328,0.9718399047851562,0.9449312163051218,0.9450678216016968,0.9718399047851562,0.1414431127443034,0.2261474573463033,9.32725476580397e-05,0.9718399047851562,0.9718399047851562,0,0,1,0,0
0.9617948532104492,0.9614369953791226,0.9235897064208984,0.23373879783099324,0.08410127001110525,0.9617948532104492,0.03820514678955078,0.03820514678955078,0.9599358520868758,0.03820514678955078,0.27655933709676983,0.9235897064208984,0.021550444404836083,0.9953374862670898,0.9617948532104492,0.9528695678563964,0.953599384477002,0.9617948532104492,0.042820539265776655,0.2552892422358293,0.00010807906444544726,0.9617948532104492,0.9617948532104492,0,0,1,0,0
0.975872039794922,0.975872039794922,0.9517440795898438,-0.0,-0.0,0.975872039794922,0.024127960205078125,0.024127960205078125,0.975282860277354,0.024127960205078125,0.1640290862641977,0.9517440795898438,0.0,0.975872039794922,0.975872039794922,0.975872039794922,0.9761631190267508,0.975872039794922,0.1640290862641977,-0.0,8.651594531257631e-05,0.975872039794922,0.975872039794922,1,0,0,0,0
0.9637546539306641,0.9616570884988108,0.927509307861328,0.10881757138444537,0.30727266460906666,0.9637546539306641,0.03624534606933594,0.03624534606933594,0.9606692426297532,0.03624534606933594,0.40522624982960376,0.927509307861328,0.08263747264073583,0.9476232528686525,0.9637546539306641,0.921288606195958,0.9215522022150252,0.9637546539306641,0.2964086784451585,0.1914550440251812,0.00010537771702744548,0.9637546539306641,0.9637546539306641,0,0,1,0,0
0.9500226974487304,0.9500226974487304,0.9000453948974609,-0.0,-0.0,0.9500226974487304,0.04997730255126953,0.04997730255126953,0.9474626336959079,0.04997730255126953,0.28630053217431634,0.9000453948974609,0.0,0.9500226974487304,0.9500226974487304,0.9500226974487304,0.9512715628338808,0.9500226974487304,0.28630053217431634,-0.0,0.0001228549933342509,0.9500226974487304,0.9500226974487304,1,0,0,0,0
0.992457389831543,0.9922943146013858,0.9849147796630859,0.04718968508969658,0.09710653302815046,0.992457389831543,0.007542610168457031,0.007542610168457031,0.9922651366081372,0.007542610168457031,0.1442953680056017,0.9849147796630859,0.05067827631635817,0.9874744415283204,0.992457389831543,0.9751445797555788,0.9751445870901988,0.992457389831543,0.09710568291590503,0.09786796140605476,4.878161587168808e-05,0.992457389831543,0.992457389831543,0,0,1,0,0
0.8889236450195312,0.8879249552782112,0.7778472900390625,0.03802071140338892,0.8742566665159108,0.8889236450195312,0.11107635498046876,0.11107635498046876,0.8752955548395734,0.11107635498046876,0.5424211243923175,0.7778472900390625,0.003697116233760511,0.8885078430175781,0.8889236450195312,0.8849954086763319,0.8907168853329495,0.8889236450195312,0.5044004129889287,0.04171782763714943,0.00017716684654533086,0.8889236450195312,0.8889236450195312,0,1,0,0,0
0.8919610977172852,0.8882828336138145,0.7839221954345703,0.4911798331872239,0.2394855334982056,0.8919610977172852,0.10803890228271484,0.10803890228271484,0.8755928014503717,0.10803890228271484,0.6141257746192479,0.7839221954345703,0.051870346760256036,0.9832220077514648,0.8919610977172852,0.8625934669980779,0.8684296692013049,0.8919610977172852,0.122945941432024,0.54305017994748,0.00017502595425308347,0.8919610977172852,0.8919610977172852,0,0,1,0,0
1.0,1.0,1.0,-0.0,-0.0,1.0,0.0,0.0,1.0,0.0,-0.0,1.0,0.0,1.0,1.0,1.0,1.0,1.0,-0.0,-0.0,0.0,1.0,1.0,0,0,0,0,1
0.9766454696655272,0.9766454696655272,0.9532909393310548,-0.0,-0.0,0.9766454696655272,0.023354530334472656,0.023354530334472656,0.9760936681779402,0.023354530334472656,0.1598820637089284,0.9532909393310548,0.0,0.9766454696655272,0.9766454696655272,0.9766454696655272,0.9769181867090992,0.9766454696655272,0.1598820637089284,-0.0,8.515172590052751e-05,0.9766454696655272,0.9766454696655272,1,0,0,0,0
0.8437356948852539,0.8125446446015784,0.6874713897705078,0.3590827238273573,0.7896199342362886,0.8437356948852539,0.1562643051147461,0.1562643051147461,0.7905167778636978,0.1562643051147461,1.0815994171140475,0.6874713897705078,0.1046530975477672,0.7997055053710938,0.8437356948852539,0.740754832761013,0.7459514109109477,0.8437356948852539,0.7225166932866904,0.4637358213751245,0.0002047257731226866,0.8437356948852539,0.8437356948852539,0,0,1,0,0
0.8788127899169922,0.8525749841722029,0.7576255798339844,0.5239386493584258,0.5148691536312402,0.8788127899169922,0.1211872100830078,0.1211872100830078,0.8400147389706121,0.1211872100830078,1.010151490747572,0.7576255798339844,0.14924802505668264,0.8944931030273438,0.8788127899169922,0.7549433348467574,0.7574898418970406,0.8788127899169922,0.486212841389146,0.6731866744151085,0.00018399922516157332,0.8788127899169922,0.8788127899169922,0,1,0,0,0
0.9853811264038086,0.9847964907781498,0.9707622528076172,0.07057603978619695,0.17354379481956644,0.9853811264038086,0.014618873596191406,0.014618873596191406,0.9846744968645194,0.014618873596191406,0.24349520221277904,0.9707622528076172,0.07873067320769295,0.9741907119750975,0.9853811264038086,0.9538822588983747,0.9538919190422348,0.9853811264038086,0.1729191624265821,0.1493067129938899,6.767036069056624e-05,0.9853811264038086,0.9853811264038086,0,0,0,0,1
0.9035530090332032,0.8851821581330966,0.8071060180664062,0.4575405602733035,0.4711145181556349,0.9035530090332032,0.09644699096679688,0.09644699096679688,0.8757898645022146,0.09644699096679688,0.8925448996720358,0.8071060180664062,0.19284341471091204,0.9104385375976562,0.9035530090332032,0.7734978263324592,0.7764824551577476,0.9035530090332032,0.4350043393987322,0.6503839749842155,0.0001664410993356583,0.9035530090332032,0.9035530090332032,0,0,0,0,1
0.8937654495239258,0.8696545424929071,0.7875308990478516,0.3891908549783355,0.5909559294210786,0.8937654495239258,0.10623455047607422,0.10623455047607422,0.8621284837630112,0.10623455047607422,0.9778392305281436,0.7875308990478516,0.14798910244513666,0.8583097457885742,0.8937654495239258,0.7703533853855333,0.7705329815439654,0.8937654495239258,0.5886483755498082,0.5371799574234721,0.00017373370815640133,0.8937654495239258,0.8937654495239258,0,0,1,0,0
0.9523839950561525,0.9454514718988108,0.9047679901123048,0.2761445442795426,0.3753788945897428,0.9523839950561525,0.047616004943847656,0.047616004943847656,0.9431079275174812,0.047616004943847656,0.6368888744972805,0.9047679901123048,0.2251696826492872,0.931382179260254,0.9523839950561525,0.8360776942754455,0.8369532496549255,0.9523839950561525,0.3607443302177379,0.5013142269288298,0.00012006652394376863,0.9523839950561525,0.9523839950561525,0,0,0,0,1
0.8954391479492188,0.8903709379247924,0.7908782958984375,0.3914604981018389,0.23387499970411285,0.8954391479492188,0.10456085205078124,0.10456085205078124,0.8833095036389403,0.10456085205078124,0.6007320558825137,0.7908782958984375,9.723398887717673e-06,0.9669895172119141,0.8954391479492188,0.8950859150572796,0.8960528518728097,0.8954391479492188,0.20927155778067488,0.3914702215007265,0.00017252101776526785,0.8954391479492188,0.8954391479492188,1,0,0,0,0
0.9392986297607422,0.9339668760150172,0.8785972595214844,0.22949740514315325,0.34195205802569434,0.9392986297607422,0.06070137023925781,0.06070137023925781,0.9318407856030868,0.06070137023925781,0.5699612582949865,0.8785972595214844,0.06888796529285274,0.9366855621337892,0.9392986297607422,0.8905272665360826,0.8905820111976936,0.9392986297607422,0.34046385315183314,0.29838537043600605,0.00013462958521203694,0.9392986297607422,0.9392986297607422,0,1,0,0,0
0.9932985305786132,0.9930578603233364,0.9865970611572266,0.04522671261572482,0.13754328970075425,0.9932985305786132,0.006701469421386719,0.006701469421386719,0.9930345203376992,0.006701469421386719,0.18276996462723985,0.9865970611572266,0.0924948319629795,0.9806909561157228,0.9932985305786132,0.9620973346900428,0.9620973351852626,0.9932985305786132,0.13754325201151504,0.1377215445787043,4.600068857873495e-05,0.9932985305786132,0.9932985305786132,0,0,0,0,1
0.9676284790039062,0.9604085090224648,0.9352569580078124,0.2041545014442125,0.481403433023985,0.9676284790039062,0.03237152099609375,0.03237152099609375,0.9595267996419279,0.03237152099609375,0.682899982809324,0.9352569580078124,0.33242984498140593,0.8969001770019531,0.9676284790039062,0.7996373467613012,0.7998260752719943,0.9676284790039062,0.4787454813651115,0.5365843464256184,9.978730410447604e-05,0.9676284790039062,0.9676284790039062,0,0,0,0,1
0.9474983215332032,0.9432217056864172,0.8949966430664062,0.16013783488804892,0.38314717739310794,0.9474983215332032,0.05250167846679688,0.05250167846679688,0.9412266584662684,0.05250167846679688,0.5304721433433586,0.8949966430664062,0.09088795276059512,0.928813934326172,0.9474983215332032,0.8928624242835212,0.8932906841218937,0.9474983215332032,0.3703343084553096,0.251025787648644,0.00012575209661618751,0.9474983215332032,0.9474983215332032,0,0,1,0,0
0.8628215789794922,0.8345448763745096,0.7256431579589844,0.34352502896909565,0.7469975280534792,0.8628215789794922,0.1371784210205078,0.1371784210205078,0.8178237047339695,0.1371784210205078,1.0407852130873474,0.7256431579589844,0.1275903839311418,0.8120040893554688,0.8628215789794922,0.7491852728417143,0.7529981923289597,0.8628215789794922,0.6972601841182516,0.4711154129002375,0.00019397368435709772,0.8628215789794922,0.8628215789794922,0,0,1,0,0
0.9886741638183594,0.9884807894417114,0.9773483276367188,0.035163900344505485,0.12511316561827707,0.9886741638183594,0.011325836181640623,0.011325836181640623,0.9883847825200244,0.011325836181640623,0.15634161702949242,0.9773483276367188,0.037255953746492064,0.9835224151611328,0.9886741638183594,0.9750561985565582,0.9750860197982548,0.9886741638183594,0.121177716684987,0.07241985409099755,5.966245865970531e-05,0.9886741638183594,0.9886741638183594,0,0,0,1,0
0.8741302490234375,0.8703511496107877,0.748260498046875,0.5431006949521419,0.25746294101073386,0.8741302490234375,0.1258697509765625,0.1258697509765625,0.8530541013386361,0.1258697509765625,0.6544083835424274,0.748260498046875,0.042956862093955,0.9851741790771484,0.8741302490234375,0.8486504618849722,0.8565720589904231,0.8741302490234375,0.1113076885902855,0.5860575570460969,0.00018702005356826032,0.8741302490234375,0.8741302490234375,0,0,0,1,0
1.0,1.0,1.0,-0.0,-0.0,1.0,0.0,0.0,1.0,0.0,-0.0,1.0,0.0,1.0,1.0,1.0,1.0,1.0,-0.0,-0.0,0.0,1.0,1.0,0,0,0,0,1
0.9451351165771484,0.9355049586088284,0.8902702331542969,0.19149557356966124,0.535846838886317,0.9451351165771484,0.05486488342285156,0.05486488342285156,0.9329576167561964,0.05486488342285156,0.7168929404721195,0.8902702331542969,0.22264011637807574,0.8813743591308594,0.9451351165771484,0.8177416492690099,0.8183611734584701,0.9451351165771484,0.5253973669024583,0.4141356899477371,0.00012839070873464168,0.9451351165771484,0.9451351165771484,0,0,0,1,0
0.9692764282226562,0.9692764282226562,0.9385528564453124,-0.0,-0.0,0.9692764282226562,0.03072357177734375,0.03072357177734375,0.9683179968458728,0.03072357177734375,0.19800765606408705,0.9385528564453124,0.0,0.9692764282226562,0.9692764282226562,0.9692764282226562,0.9697483971540348,0.9692764282226562,0.19800765606408705,-0.0,9.729692015735705e-05,0.9692764282226562,0.9692764282226562,1,0,0,0,0
0.9211177825927734,0.9193246204398744,0.8422355651855469,0.06707238908438966,0.5627378335579895,0.9211177825927734,0.07888221740722656,0.07888221740722656,0.9131731708872812,0.07888221740722656,0.485827501224378,0.8422355651855469,0.02255949350848835,0.9152336120605468,0.9211177825927734,0.9058057004585862,0.9085004970620504,0.9211177825927734,0.4187551121399884,0.089631882592878,0.00015198003999275243,0.9211177825927734,0.9211177825927734,0,1,0,0,0
0.8463716506958008,0.8421450550634023,0.6927433013916016,0.11120737666619973,0.8522514989303288,0.8463716506958008,0.15362834930419922,0.15362834930419922,0.8209819682046763,0.15362834930419922,0.6908909265342562,0.6927433013916016,0.003325402698858352,0.8617324829101562,0.8463716506958008,0.850619458957226,0.8581724855507673,0.8463716506958008,0.5796835498680566,0.1145327793650581,0.00020330855431800892,0.8463716506958008,0.8463716506958008,1,0,0,0,0
0.9877328872680664,0.9877328872680664,0.9754657745361328,-0.0,-0.0,0.9877328872680664,0.012267112731933594,0.012267112731933594,0.9875814822934272,0.012267112731933594,0.09547334668144088,0.9754657745361328,0.0,0.9877328872680664,0.9877328872680664,0.9877328872680664,0.9878081282954554,0.9877328872680664,0.09547334668144088,-0.0,6.206265511073839e-05,0.9877328872680664,0.9877328872680664,1,0,0,0,0
0.8476905822753906,0.8441722149559473,0.6953811645507812,0.07282958496772766,1.0420154852734431,0.8476905822753906,0.15230941772460938,0.15230941772460938,0.8194598772422684,0.15230941772460938,0.7059602232685758,0.6953811645507812,0.017612532320085042,0.8404922485351562,0.8476905822753906,0.8326756196911447,0.8436319605752942,0.8476905822753906,0.6331306383008481,0.0904421172878127,0.00020259161850408496,0.8476905822753906,0.8476905822753906,0,1,0,0,0
0.9429235458374025,0.9418159714887084,0.8858470916748047,0.044422805628217314,0.4530288102109441,0.9429235458374025,0.05707645416259765,0.05707645416259765,0.938464648349222,0.05707645416259765,0.3939942243063669,0.8858470916748047,0.03384497486700494,0.9343252182006836,0.9429235458374025,0.9259682220435934,0.927539253964369,0.9429235458374025,0.3495714186781495,0.07826778049522225,0.0001307995195807017,0.9429235458374025,0.9429235458374025,0,1,0,0,0
0.9963998794555664,0.996379635006072,0.9927997589111328,0.006332309303316496,0.05831979109063256,0.9963998794555664,0.0036001205444335938,0.0036001205444335938,0.9963665779271792,0.0036001205444335938,0.0622058590289923,0.9927997589111328,0.0214788044026402,0.993596076965332,0.9963998794555664,0.9908281851458014,0.9908346655797686,0.9963998794555664,0.055873549725675806,0.027811113705956687,3.376873333092504e-05,0.9963998794555664,0.9963998794555664,0,0,0,1,0
0.9545974731445312,0.9529067946935968,0.9091949462890624,0.10182826171829562,0.313062060327313,0.9545974731445312,0.04540252685546875,0.04540252685546875,0.9513149433375024,0.04540252685546875,0.3897675107087012,0.9091949462890624,0.03679978858497468,0.9496364593505859,0.9545974731445312,0.9320999787887558,0.9325762352546008,0.9545974731445312,0.2879392489904056,0.1386280503032703,0.00011737877376585903,0.9545974731445312,0.9545974731445312,0,1,0,0,0
0.9552059173583984,0.9532359457347412,0.9104118347167968,0.2017760233516514,0.1924793813336192,0.9552059173583984,0.04479408264160156,0.04479408264160156,0.9521341430151656,0.04479408264160156,0.3929856720292457,0.9104118347167968,0.026635926640025287,0.9706325531005859,0.9552059173583984,0.93579614997725,0.9358253557602438,0.9552059173583984,0.1912096486775942,0.2284119499916767,0.00011662676828603518,0.9552059173583984,0.9552059173583984,0,0,0,0,1
0.9363975524902344,0.9341361146619686,0.8727951049804688,0.3408150015193944,0.18269411387844567,0.9363975524902344,0.06360244750976562,0.06360244750976562,0.9298530223173296,0.06360244750976562,0.4679505707047161,0.8727951049804688,0.06352763421792718,0.9825048446655272,0.9363975524902344,0.9047105464469496,0.9067026065968092,0.9363975524902344,0.12713556918532176,0.4043426357373216,0.00013759620789476298,0.9363975524902344,0.9363975524902344,1,0,0,0,0
0.9487123489379884,0.9479784767014636,0.8974246978759766,0.031196438371402263,0.42642567852921576,0.9487123489379884,0.05128765106201172,0.05128765106201172,0.9452431750656248,0.05128765106201172,0.3522346033833141,0.8974246978759766,0.029738128444628087,0.9416055679321288,0.9487123489379884,0.9353287798076052,0.9366439913833348,0.9487123489379884,0.32103816501191185,0.06093456681603035,0.00012436927349070829,0.9487123489379884,0.9487123489379884,0,1,0,0,0
0.9547367095947266,0.9524568741704972,0.9094734191894532,0.239002785545245,0.1910287843318441,0.9547367095947266,0.04526329040527344,0.04526329040527344,0.951089996738846,0.04526329040527344,0.4209341959298402,0.9094734191894532,0.04748815057099898,0.972454071044922,0.9547367095947266,0.9251877576170956,0.9254403473169076,0.9547367095947266,0.18193141038459512,0.286490936116244,0.00011720719906446897,0.9547367095947266,0.9547367095947266,0,0,1,0,0
0.9861688613891602,0.985322794986552,0.9723377227783204,0.1051591068309489,0.19624315441962867,0.9861688613891602,0.013831138610839844,0.013831138610839844,0.9851363709768672,0.013831138610839844,0.2982758431730301,0.9723377227783204,0.14764628822693418,0.9702539443969728,0.9861688613891602,0.9304567956678512,0.9305357789348818,0.9861688613891602,0.19311673634208126,0.2528053950578831,6.584821786027637e-05,0.9861688613891602,0.9861688613891602,0,0,0,0,1
0.9749870300292968,0.9743905619179908,0.9499740600585938,0.0443363168511045,0.2366507638880249,0.9749870300292968,0.025012969970703125,0.025012969970703125,0.9738037734104654,0.025012969970703125,0.2602755363463209,0.9499740600585938,0.048487986302465626,0.9656124114990234,0.9749870300292968,0.954577064847399,0.9548310282480088,0.9749870300292968,0.2159392194952164,0.09282430315357013,8.80483995189048e-05,0.9749870300292968,0.9749870300292968,0,1,0,0,0
0.9844017028808594,0.9844017028808594,0.9688034057617188,-0.0,-0.0,0.9844017028808594,0.015598297119140625,0.015598297119140625,0.984156498655871,0.015598297119140625,0.11595543125127462,0.9688034057617188,0.0,0.9844017028808594,0.9844017028808594,0.9844017028808594,0.9845233563173679,0.9844017028808594,0.11595543125127462,-0.0,6.986572795106481e-05,0.9844017028808594,0.9844017028808594,1,0,0,0,0
0.9432706832885742,0.9430642245973978,0.8865413665771484,0.01960297119912328,0.4991022997485038,0.9432706832885742,0.056729316711425774,0.056729316711425774,0.939961339788168,0.056729316711425774,0.32624230496906204,0.8865413665771484,0.00015335042041585492,0.9451532363891602,0.9432706832885742,0.9434771871783596,0.9448797909758468,0.9432706832885742,0.3066393337699388,0.01975632161953914,0.0001304251547664983,0.9432706832885742,0.9432706832885742,1,0,0,0,0
0.8815097808837891,0.8600945438062881,0.7630195617675781,0.5243524009311924,0.4731079907514117,0.8815097808837891,0.11849021911621095,0.11849021911621095,0.8462105802639549,0.11849021911621095,0.9474009369499878,0.7630195617675781,0.15241366749903018,0.9139785766601562,0.8815097808837891,0.7661951859190594,0.7704705520027346,0.8815097808837891,0.4230485360187953,0.6767660684302226,0.0001822192417016705,0.8815097808837891,0.8815097808837891,0,0,0,1,0
0.8716421127319336,0.8593083877552515,0.7432842254638672,0.5514708105441865,0.3598821001358179,0.8716421127319336,0.1283578872680664,0.1283578872680664,0.8429188900408727,0.1283578872680664,0.8250837063659799,0.7432842254638672,0.07453356565892222,0.952977180480957,0.8716421127319336,0.8111453362507746,0.8171440047849501,0.8716421127319336,0.27361289582179354,0.6260043762031087,0.00018859049412653164,0.8716421127319336,0.8716421127319336,0,0,1,0,0
0.9445419311523438,0.9401043245613524,0.8890838623046875,0.2275183395156654,0.3034519920405375,0.9445419311523438,0.05545806884765625,0.05545806884765625,0.9383921350240044,0.05545806884765625,0.5308625223529491,0.8890838623046875,0.06448805182847889,0.945953369140625,0.9445419311523438,0.9001746934372932,0.9001783923085895,0.9445419311523438,0.30334418283728376,0.2920063913441443,0.00012904239309779368,0.9445419311523438,0.9445419311523438,0,0,1,0,0
0.987217903137207,0.9862091697993536,0.9744358062744141,0.0413510471130467,0.2927946092219773,0.987217903137207,0.012782096862792969,0.012782096862792969,0.9860318587875092,0.012782096862792969,0.33122262685436565,0.9744358062744141,0.19187315440964264,0.9491796493530272,0.987217903137207,0.9150076303594687,0.9150893213595735,0.987217903137207,0.289871579741319,0.23322420152268936,6.333546734255451e-05,0.987217903137207,0.987217903137207,0,0,0,0,1
0.952488899230957,0.9514568320111282,0.9049777984619141,0.19694964105023471,0.12886798978107636,0.952488899230957,0.04751110076904297,0.04751110076904297,0.9501780344852409,0.04751110076904297,0.3202986349302905,0.9049777984619141,0.0007635039303760527,0.9831533432006836,0.952488899230957,0.9535220859579568,0.9536175515791,0.952488899230957,0.12334899388005567,0.1977131449806108,0.00011994079516505105,0.952488899230957,0.952488899230957,1,0,0,0,0
0.9531764984130859,0.95178978185638,0.906352996826172,0.06932804471093353,0.3610968877925796,0.9531764984130859,0.04682350158691406,0.04682350158691406,0.9497429779755642,0.04682350158691406,0.38089425523220544,0.906352996826172,0.04167928831906111,0.9439487457275392,0.9531764984130859,0.9308289683031036,0.9316807821232942,0.9531764984130859,0.3115662105212719,0.11100733302999463,0.00011911268734894602,0.9531764984130859,0.9531764984130859,0,1,0,0,0
0.9496011734008788,0.9458899003144428,0.8992023468017578,0.2709065479536433,0.2443048416587327,0.9496011734008788,0.05039882659912109,0.05039882659912109,0.9440444973312646,0.05039882659912109,0.5039573844443752,0.8992023468017578,0.08294253498669157,0.9619989395141602,0.9496011734008788,0.9002801785973134,0.9006947341263185,0.9496011734008788,0.23305083649073186,0.3538490829403349,0.00012334463094811535,0.9496011734008788,0.9496011734008788,0,0,0,0,1
0.9389944076538086,0.9386250600042181,0.8779888153076172,0.3184136981960767,0.0987779728570142,0.9389944076538086,0.06100559234619141,0.06100559234619141,0.935159428165136,0.06100559234619141,0.34950850491425856,0.8779888153076172,0.0002750003881695773,0.9968042373657228,0.9389944076538086,0.9393639006411832,0.9408552488025634,0.9389944076538086,0.031094806718181905,0.31868869858424625,0.0001349446723127095,0.9389944076538086,0.9389944076538086,1,0,0,0,0
0.8442516326904297,0.8322019367226074,0.6885032653808594,0.6231886364564329,0.3773276935080028,0.8442516326904297,0.1557483673095703,0.1557483673095703,0.8056136200052006,0.1557483673095703,0.8546633488178541,0.6885032653808594,0.07016431562860792,0.962336540222168,0.8442516326904297,0.7902063732744864,0.8012308645993471,0.8442516326904297,0.23147471236142114,0.6933529520850408,0.00020445000332060384,0.8442516326904297,0.8442516326904297,0,0,1,0,0
0.9611883163452148,0.9604712897782804,0.9223766326904296,0.03607940077505047,0.3345143888482216,0.9611883163452148,0.03881168365478516,0.03881168365478516,0.9589255398182299,0.03881168365478516,0.3119277169505502,0.9223766326904296,0.039079569068318484,0.9524612426757812,0.9611883163452148,0.9441738408786478,0.9449103769843532,0.9611883163452148,0.2758483161754997,0.07515896984336895,0.00010889925257567598,0.9611883163452148,0.9611883163452148,0,0,1,0,0
0.8659505844116211,0.8659505844116211,0.7319011688232422,0.568440047396551,0.20764339517599875,0.8659505844116211,0.1340494155883789,0.1340494155883789,0.8467893228359539,0.1340494155883789,0.568440047396551,0.7319011688232422,0.0,1.0,0.8659505844116211,0.8659505844116211,0.874935207321414,0.8659505844116211,-0.0,0.568440047396551,0.0001920960493716404,0.8659505844116211,0.8659505844116211,1,0,0,0,0
1.0,1.0,1.0,-0.0,-0.0,1.0,0.0,0.0,1.0,0.0,-0.0,1.0,0.0,1.0,1.0,1.0,1.0,1.0,-0.0,-0.0,0.0,1.0,1.0,0,0,0,0,1
1.0,1.0,1.0,-0.0,0.026095155158861717,1.0,0.0,0.0,1.0,0.0,0.026095155158861717,1.0,0.026095155158861717,0.9973974227905272,1.0,0.9948083923973172,0.9948083923973172,1.0,0.026095155158861717,0.026095155158861717,0.0,1.0,1.0,0,0,0,0,1
1.0,1.0,1.0,-0.0,0.3241974483730551,1.0,0.0,0.0,1.0,0.0,0.3241974483730551,1.0,0.3241974483730551,0.9408159255981444,1.0,0.8886373605218978,0.8886373605218978,1.0,0.3241974483730551,0.3241974483730551,0.0,1.0,1.0,0,0,0,0,1
1.0,1.0,1.0,-0.0,0.5639514128160579,1.0,0.0,0.0,1.0,0.0,0.5639514128160579,1.0,0.5639514128160579,0.8676118850708008,1.0,0.7702769960906153,0.7702769960906153,1.0,0.5639514128160579,0.5639514128160579,0.0,1.0,1.0,0,0,0,0,1
1.0,1.0,1.0,-0.0,0.5250882462186245,1.0,0.0,0.0,1.0,0.0,0.5250882462186245,1.0,0.5250882462186245,0.8814811706542969,1.0,0.7910557671275456,0.7910557671275456,1.0,0.5250882462186245,0.5250882462186245,0.0,1.0,1.0,0,0,0,0,1
1.0,1.0,1.0,-0.0,0.19046310359280808,1.0,0.0,0.0,1.0,0.0,0.19046310359280808,1.0,0.19046310359280808,0.9707803726196288,1.0,0.9432683184877532,0.9432683184877532,1.0,0.19046310359280808,0.19046310359280808,0.0,1.0,1.0,0,0,0,0,1
1.0,1.0,1.0,-0.0,0.04742296232249919,1.0,0.0,0.0,1.0,0.0,0.04742296232249919,1.0,0.04742296232249919,0.9947357177734376,1.0,0.9895268608815968,0.9895268608815968,1.0,0.04742296232249919,0.04742296232249919,0.0,1.0,1.0,0,0,0,0,1
1.0,1.0,1.0,-0.0,0.1414431127443034,1.0,0.0,0.0,1.0,0.0,0.1414431127443034,1.0,0.1414431127443034,0.979999542236328,1.0,0.9607991210941692,0.9607991210941692,1.0,0.1414431127443034,0.1414431127443034,0.0,1.0,1.0,0,0,0,0,1
1.0,1.0,1.0,-0.0,0.042820539265776655,1.0,0.0,0.0,1.0,0.0,0.042820539265776655,1.0,0.042820539265776655,0.9953374862670898,1.0,0.9907184506027988,0.9907184506027988,1.0,0.042820539265776655,0.042820539265776655,0.0,1.0,1.0,0,0,0,0,1
1.0,1.0,1.0,-0.0,0.1640290862641977,1.0,0.0,0.0,1.0,0.0,0.1640290862641977,1.0,0.1640290862641977,0.975872039794922,1.0,0.9529083965171594,0.9529083965171594,1.0,0.1640290862641977,0.1640290862641977,0.0,1.0,1.0,0,0,0,0,1
1.0,1.0,1.0,-0.0,0.2964086784451585,1.0,0.0,0.0,1.0,0.0,0.2964086784451585,1.0,0.2964086784451585,0.9476232528686525,1.0,0.9007331530174272,0.9007331530174272,1.0,0.2964086784451585,0.2964086784451585,0.0,1.0,1.0,0,0,0,0,1
1.0,1.0,1.0,-0.0,0.28630053217431634,1.0,0.0,0.0,1.0,0.0,0.28630053217431634,1.0,0.28630053217431634,0.9500226974487304,1.0,0.9050408564380632,0.9050408564380632,1.0,0.28630053217431634,0.28630053217431634,0.0,1.0,1.0,0,0,0,0,1
1.0,1.0,1.0,-0.0,0.09710568291590503,1.0,0.0,0.0,1.0,0.0,0.09710568291590503,1.0,0.09710568291590503,0.9874744415283204,1.0,0.9752626622866956,0.9752626622866956,1.0,0.09710568291590503,0.09710568291590503,0.0,1.0,1.0,0,0,0,0,1
1.0,1.0,1.0,-0.0,0.5044004129889287,1.0,0.0,0.0,1.0,0.0,0.5044004129889287,1.0,0.5044004129889287,0.8885078430175781,1.0,0.8018766881723423,0.8018766881723423,1.0,0.5044004129889287,0.5044004129889287,0.0,1.0,1.0,0,0,0,0,1
1.0,1.0,1.0,-0.0,0.122945941432024,1.0,0.0,0.0,1.0,0.0,0.122945941432024,1.0,0.122945941432024,0.9832220077514648,1.0,0.9670070175507136,0.9670070175507136,1.0,0.122945941432024,0.122945941432024,0.0,1.0,1.0,0,0,0,0,1
1.0,1.0,1.0,-0.0,-0.0,1.0,0.0,0.0,1.0,0.0,-0.0,1.0,0.0,1.0,1.0,1.0,1.0,1.0,-0.0,-0.0,0.0,1.0,1.0,0,0,0,0,1
1.0,1.0,1.0,-0.0,0.1598820637089284,1.0,0.0,0.0,1.0,0.0,0.1598820637089284,1.0,0.1598820637089284,0.9766454696655272,1.0,0.9543818075053424,0.9543818075053424,1.0,0.1598820637089284,0.1598820637089284,0.0,1.0,1.0,0,0,0,0,1
1.0,1.0,1.0,-0.0,0.7225166932866904,1.0,0.0,0.0,1.0,0.0,0.7225166932866904,1.0,0.7225166932866904,0.7997055053710938,1.0,0.6796467798994854,0.6796467798994854,1.0,0.7225166932866904,0.7225166932866904,0.0,1.0,1.0,0,0,0,0,1
1.0,1.0,1.0,-0.0,0.486212841389146,1.0,0.0,0.0,1.0,0.0,0.486212841389146,1.0,0.486212841389146,0.8944931030273438,1.0,0.8112496166722849,0.8112496166722849,1.0,0.486212841389146,0.486212841389146,0.0,1.0,1.0,0,0,0,0,1
1.0,1.0,1.0,-0.0,0.1729191624265821,1.0,0.0,0.0,1.0,0.0,0.1729191624265821,1.0,0.1729191624265821,0.9741907119750975,1.0,0.9497136626469,0.9497136626469,1.0,0.1729191624265821,0.1729191624265821,0.0,1.0,1.0,0,0,0,0,1
1.0,1.0,1.0,-0.0,0.4350043393987322,1.0,0.0,0.0,1.0,0.0,0.4350043393987322,1.0,0.4350043393987322,0.9104385375976562,1.0,0.8369195862906054,0.8369195862906054,1.0,0.4350043393987322,0.4350043393987322,0.0,1.0,1.0,0,0,0,0,1
1.0,1.0,1.0,-0.0,0.5886483755498082,1.0,0.0,0.0,1.0,0.0,0.5886483755498082,1.0,0.5886483755498082,0.8583097457885742,1.0,0.7567717478541454,0.7567717478541454,1.0,0.5886483755498082,0.5886483755498082,0.0,1.0,1.0,0,0,0,0,1
1.0,1.0,1.0,-0.0,0.3607443302177379,1.0,0.0,0.0,1.0,0.0,0.3607443302177379,1.0,0.3607443302177379,0.931382179260254,1.0,0.8721811691666517,0.8721811691666517,1.0,0.3607443302177379,0.3607443302177379,0.0,1.0,1.0,0,0,0,0,1
1.0,1.0,1.0,-0.0,0.20927155778067488,1.0,0.0,0.0,1.0,0.0,0.20927155778067488,1.0,0.20927155778067488,0.9669895172119141,1.0,0.9361584183716332,0.9361584183716332,1.0,0.20927155778067488,0.20927155778067488,0.0,1.0,1.0,0,0,0,0,1
1.0,1.0,1.0,-0.0,0.34046385315183314,1.0,0.0,0.0,1.0,0.0,0.34046385315183314,1.0,0.34046385315183314,0.9366855621337892,1.0,0.8813885603522067,0.8813885603522067,1.0,0.34046385315183314,0.34046385315183314,0.0,1.0,1.0,0,0,0,0,1
1.0,1.0,1.0,-0.0,0.13754325201151504,1.0,0.0,0.0,1.0,0.0,0.13754325201151504,1.0,0.13754325201151504,0.9806909561157228,1.0,0.9621275905828952,0.9621275905828952,1.0,0.13754325201151504,0.13754325201151504,0.0,1.0,1.0,0,0,0,0,1
1.0,1.0,1.0,-0.0,0.4787454813651115,1.0,0.0,0.0,1.0,0.0,0.4787454813651115,1.0,0.4787454813651115,0.8969001770019531,1.0,0.8150595010083634,0.8150595010083634,1.0,0.4787454813651115,0.4787454813651115,0.0,1.0,1.0,0,0,0,0,1
1.0,1.0,1.0,-0.0,0.3703343084553096,1.0,0.0,0.0,1.0,0.0,0.3703343084553096,1.0,0.3703343084553096,0.928813934326172,1.0,0.8677627805445809,0.8677627805445809,1.0,0.3703343084553096,0.3703343084553096,0.0,1.0,1.0,0,0,0,0,1
1.0,1.0,1.0,-0.0,0.6972601841182516,1.0,0.0,0.0,1.0,0.0,0.6972601841182516,1.0,0.6972601841182516,0.8120040893554688,1.0,0.6946931035490707,0.6946931035490707,1.0,0.6972601841182516,0.6972601841182516,0.0,1.0,1.0,0,0,0,0,1
1.0,1.0,1.0,-0.0,0.121177716684987,1.0,0.0,0.0,1.0,0.0,0.121177716684987,1.0,0.121177716684987,0.9835224151611328,1.0,0.9675878519265098,0.9675878519265098,1.0,0.121177716684987,0.121177716684987,0.0,1.0,1.0,0,0,0,0,1
1.0,1.0,1.0,-0.0,0.1113076885902855,1.0,0.0,0.0,1.0,0.0,0.1113076885902855,1.0,0.1113076885902855,0.9851741790771484,1.0,0.9707879680863698,0.9707879680863698,1.0,0.1113076885902855,0.1113076885902855,0.0,1.0,1.0,0,0,0,0,1
1.0,1.0,1.0,-0.0,-0.0,1.0,0.0,0.0,1.0,0.0,-0.0,1.0,0.0,1.0,1.0,1.0,1.0,1.0,-0.0,-0.0,0.0,1.0,1.0,0,0,0,0,1
1.0,1.0,1.0,-0.0,0.5253973669024583,1.0,0.0,0.0,1.0,0.0,0.5253973669024583,1.0,0.5253973669024583,0.8813743591308594,1.0,0.7908928036049474,0.7908928036049474,1.0,0.5253973669024583,0.5253973669024583,0.0,1.0,1.0,0,0,0,0,1
1.0,1.0,1.0,-0.0,0.19800765606408705,1.0,0.0,0.0,1.0,0.0,0.19800765606408705,1.0,0.19800765606408705,0.9692764282226562,1.0,0.9404407321708276,0.9404407321708276,1.0,0.19800765606408705,0.19800765606408705,0.0,1.0,1.0,0,0,0,0,1
1.0,1.0,1.0,-0.0,0.4187551121399884,1.0,0.0,0.0,1.0,0.0,0.4187551121399884,1.0,0.4187551121399884,0.9152336120605468,1.0,0.8448379051696975,0.8448379051696975,1.0,0.4187551121399884,0.4187551121399884,0.0,1.0,1.0,0,0,0,0,1
1.0,1.0,1.0,-0.0,0.5796835498680566,1.0,0.0,0.0,1.0,0.0,0.5796835498680566,1.0,0.5796835498680566,0.8617324829101562,1.0,0.761700778384693,0.761700778384693,1.0,0.5796835498680566,0.5796835498680566,0.0,1.0,1.0,0,0,0,0,1
1.0,1.0,1.0,-0.0,0.09547334668144088,1.0,0.0,0.0,1.0,0.0,0.09547334668144088,1.0,0.09547334668144088,0.9877328872680664,1.0,0.9757667386456887,0.9757667386456887,1.0,0.09547334668144088,0.09547334668144088,0.0,1.0,1.0,0,0,0,0,1
1.0,1.0,1.0,-0.0,0.6331306383008481,1.0,0.0,0.0,1.0,0.0,0.6331306383008481,1.0,0.6331306383008481,0.8404922485351562,1.0,0.7318699426250532,0.7318699426250532,1.0,0.6331306383008481,0.6331306383008481,0.0,1.0,1.0,0,0,0,0,1
1.0,1.0,1.0,-0.0,0.3495714186781495,1.0,0.0,0.0,1.0,0.0,0.3495714186781495,1.0,0.3495714186781495,0.9343252182006836,1.0,0.8772767903301428,0.8772767903301428,1.0,0.3495714186781495,0.3495714186781495,0.0,1.0,1.0,0,0,0,0,1
1.0,1.0,1.0,-0.0,0.055873549725675806,1.0,0.0,0.0,1.0,0.0,0.055873549725675806,1.0,0.055873549725675806,0.993596076965332,1.0,0.9872741743911322,0.9872741743911322,1.0,0.055873549725675806,0.055873549725675806,0.0,1.0,1.0,0,0,0,0,1
1.0,1.0,1.0,-0.0,0.2879392489904056,1.0,0.0,0.0,1.0,0.0,0.2879392489904056,1.0,0.2879392489904056,0.9496364593505859,1.0,0.9043458911546622,0.9043458911546622,1.0,0.2879392489904056,0.2879392489904056,0.0,1.0,1.0,0,0,0,0,1
1.0,1.0,1.0,-0.0,0.1912096486775942,1.0,0.0,0.0,1.0,0.0,0.1912096486775942,1.0,0.1912096486775942,0.9706325531005859,1.0,0.9429900000759516,0.9429900000759516,1.0,0.1912096486775942,0.1912096486775942,0.0,1.0,1.0,0,0,0,0,1
1.0,1.0,1.0,-0.0,0.12713556918532176,1.0,0.0,0.0,1.0,0.0,0.12713556918532176,1.0,0.12713556918532176,0.9825048446655272,1.0,0.9656218502514092,0.9656218502514092,1.0,0.12713556918532176,0.12713556918532176,0.0,1.0,1.0,0,0,0,0,1
1.0,1.0,1.0,-0.0,0.32103816501191185,1.0,0.0,0.0,1.0,0.0,0.32103816501191185,1.0,0.32103816501191185,0.9416055679321288,1.0,0.8900309552573162,0.8900309552573162,1.0,0.32103816501191185,0.32103816501191185,0.0,1.0,1.0,0,0,0,0,1
1.0,1.0,1.0,-0.0,0.18193141038459512,1.0,0.0,0.0,1.0,0.0,0.18193141038459512,1.0,0.18193141038459512,0.972454071044922,1.0,0.9464256984938402,0.9464256984938402,1.0,0.18193141038459512,0.18193141038459512,0.0,1.0,1.0,0,0,0,0,1
1.0,1.0,1.0,-0.0,0.19311673634208126,1.0,0.0,0.0,1.0,0.0,0.19311673634208126,1.0,0.19311673634208126,0.9702539443969728,1.0,0.942277544441822,0.942277544441822,1.0,0.19311673634208126,0.19311673634208126,0.0,1.0,1.0,0,0,0,0,1
1.0,1.0,1.0,-0.0,0.2159392194952164,1.0,0.0,0.0,1.0,0.0,0.2159392194952164,1.0,0.2159392194952164,0.9656124114990234,1.0,0.933589835483872,0.933589835483872,1.0,0.2159392194952164,0.2159392194952164,0.0,1.0,1.0,0,0,0,0,1
1.0,1.0,1.0,-0.0,0.11595543125127462,1.0,0.0,0.0,1.0,0.0,0.11595543125127462,1.0,0.11595543125127462,0.9844017028808594,1.0,0.9692900195077528,0.9692900195077528,1.0,0.11595543125127462,0.11595543125127462,0.0,1.0,1.0,0,0,0,0,1
1.0,1.0,1.0,-0.0,0.3066393337699388,1.0,0.0,0.0,1.0,0.0,0.3066393337699388,1.0,0.3066393337699388,0.9451532363891602,1.0,0.8963228077354871,0.8963228077354871,1.0,0.3066393337699388,0.3066393337699388,0.0,1.0,1.0,0,0,0,0,1
1.0,1.0,1.0,-0.0,0.4230485360187953,1.0,0.0,0.0,1.0,0.0,0.4230485360187953,1.0,0.4230485360187953,0.9139785766601562,1.0,0.8427565238671377,0.8427565238671377,1.0,0.4230485360187953,0.4230485360187953,0.0,1.0,1.0,0,0,0,0,1
1.0,1.0,1.0,-0.0,0.27361289582179354,1.0,0.0,0.0,1.0,0.0,0.27361289582179354,1.0,0.27361289582179354,0.952977180480957,1.0,0.9103766520729548,0.9103766520729548,1.0,0.27361289582179354,0.27361289582179354,0.0,1.0,1.0,0,0,0,0,1
1.0,1.0,1.0,-0.0,0.30334418283728376,1.0,0.0,0.0,1.0,0.0,0.30334418283728376,1.0,0.30334418283728376,0.945953369140625,1.0,0.8977488148957491,0.8977488148957491,1.0,0.30334418283728376,0.30334418283728376,0.0,1.0,1.0,0,0,0,0,1
1.0,1.0,1.0,-0.0,0.289871579741319,1.0,0.0,0.0,1.0,0.0,0.289871579741319,1.0,0.289871579741319,0.9491796493530272,1.0,0.9035247147858172,0.9035247147858172,1.0,0.289871579741319,0.289871579741319,0.0,1.0,1.0,0,0,0,0,1
1.0,1.0,1.0,-0.0,0.12334899388005567,1.0,0.0,0.0,1.0,0.0,0.12334899388005567,1.0,0.12334899388005567,0.9831533432006836,1.0,0.9668743060919952,0.9668743060919952,1.0,0.12334899388005567,0.12334899388005567,0.0,1.0,1.0,0,0,0,0,1
1.0,1.0,1.0,-0.0,0.3115662105212719,1.0,0.0,0.0,1.0,0.0,0.3115662105212719,1.0,0.3115662105212719,0.9439487457275392,1.0,0.8941809776661103,0.8941809776661103,1.0,0.3115662105212719,0.3115662105212719,0.0,1.0,1.0,0,0,0,0,1
1.0,1.0,1.0,-0.0,0.23305083649073186,1.0,0.0,0.0,1.0,0.0,0.23305083649073186,1.0,0.23305083649073186,0.9619989395141602,1.0,0.9268860402244172,0.9268860402244172,1.0,0.23305083649073186,0.23305083649073186,0.0,1.0,1.0,0,0,0,0,1
1.0,1.0,1.0,-0.0,0.031094806718181905,1.0,0.0,0.0,1.0,0.0,0.031094806718181905,1.0,0.031094806718181905,0.9968042373657228,1.0,0.9936289005290746,0.9936289005290746,1.0,0.031094806718181905,0.031094806718181905,0.0,1.0,1.0,0,0,0,0,1
1.0,1.0,1.0,-0.0,0.23147471236142114,1.0,0.0,0.0,1.0,0.0,0.23147471236142114,1.0,0.23147471236142114,0.962336540222168,1.0,0.9275101528492088,0.9275101528492088,1.0,0.23147471236142114,0.23147471236142114,0.0,1.0,1.0,0,0,0,0,1
1.0,1.0,1.0,-0.0,0.2758483161754997,1.0,0.0,0.0,1.0,0.0,0.2758483161754997,1.0,0.2758483161754997,0.9524612426757812,1.0,0.9094423522474244,0.9094423522474244,1.0,0.2758483161754997,0.2758483161754997,0.0,1.0,1.0,0,0,0,0,1
1.0,1.0,1.0,-0.0,-0.0,1.0,0.0,0.0,1.0,0.0,-0.0,1.0,0.0,1.0,1.0,1.0,1.0,1.0,-0.0,-0.0,0.0,1.0,1.0,0,0,0,0,1
